,name,resource,category,homepage,description,projectrank,show,labels,license,github_id,github_url,created_at,updated_at,last_commit_pushed_at,commit_count,recent_commit_count,fork_count,watchers_count,pr_count,open_issue_count,closed_issue_count,star_count,latest_stable_release_published_at,latest_stable_release_number,release_count,contributor_count,pypi_id,conda_id,dependent_project_count,github_dependent_project_count,pypi_url,pypi_monthly_downloads,monthly_downloads,conda_url,conda_latest_release_published_at,conda_total_downloads,projectrank_placing,dockerhub_id,dockerhub_url,dockerhub_latest_release_published_at,dockerhub_stars,dockerhub_pulls,github_release_downloads,npm_id,npm_url,npm_monthly_downloads,docs_url,label,gitlab_id,gitlab_url,ignore
0,Atomic Cluster Expansion,True,community,https://cortner.github.io/ACEweb/,Atomic Cluster Expansion (ACE) community homepage.,0,True,,,,,,,,,,,,,,,,,,,,,,,,,,,,,,,,,,,,,,,,,,,,
1,crystals.ai,True,datasets,https://crystals.ai/,Curated datasets for reproducible AI in materials science.,0,True,,,,,,,,,,,,,,,,,,,,,,,,,,,,,,,,,,,,,,,,,,,,
2,sGDML Datasets,True,datasets,http://sgdml.org/#datasets,,0,True,,,,,,,,,,,,,,,,,,,,,,,,,,,,,,,,,,,,,,,,,,,,
3,QM7,True,datasets,http://quantum-machine.org/datasets/,This dataset is a subset of GDB-13 (a database of nearly 1 billion stable and synthetically accessible organic..,0,True,,,,,,,,,,,,,,,,,,,,,,,,,,,,,,,,,,,,,,,,,,,,
4,QM7b,True,datasets,http://quantum-machine.org/datasets/,This dataset is an extension of the QM7 dataset for multitask learning where 13 additional properties (e.g...,0,True,,,,,,,,,,,,,,,,,,,,,,,,,,,,,,,,,,,,,,,,,,,,
5,QM9,True,datasets,http://quantum-machine.org/datasets/,"We report computed geometric, energetic, electronic, and thermodynamic properties for 134k stable small organic..",0,True,,,,,,,,,,,,,,,,,,,,,,,,,,,,,,,,,,,,,,,,,,,,
6,QM8,True,datasets,http://quantum-machine.org/datasets/,Dataset with low-lying singlet-singlet vertical electronic spectra of over 20000 synthetically feasible small organic..,0,True,,,,,,,,,,,,,,,,,,,,,,,,,,,,,,,,,,,,,,,,,,,,
7,MD Trajectories of small molecules,True,datasets,http://quantum-machine.org/datasets/,The molecular dynamics (MD) datasets in this package range in size from 150k to nearly 1M conformational geometries.,0,True,,,,,,,,,,,,,,,,,,,,,,,,,,,,,,,,,,,,,,,,,,,,
8,MD Trajectories of C7O2H10,True,datasets,http://quantum-machine.org/datasets/,This data set consists of molecular dynamics trajectories of 113 randomly selected C7O2H10 isomers calculated at a..,0,True,,,,,,,,,,,,,,,,,,,,,,,,,,,,,,,,,,,,,,,,,,,,
9,Datasets including densities,True,datasets,http://quantum-machine.org/datasets/,These datasets contain not only molecular geometries and energies but also valence densities.,0,True,,,,,,,,,,,,,,,,,,,,,,,,,,,,,,,,,,,,,,,,,,,,
10,ISO17,True,datasets,http://quantum-machine.org/datasets/,MD Trajectories of C7O2H10 with total energies and atomic forces.,0,True,,,,,,,,,,,,,,,,,,,,,,,,,,,,,,,,,,,,,,,,,,,,
11,SN2 reactions,True,datasets,http://quantum-machine.org/datasets/,Chemical reactions of methyl halides with halide anions.,0,True,,,,,,,,,,,,,,,,,,,,,,,,,,,,,,,,,,,,,,,,,,,,
12,Solvated protein fragments,True,datasets,http://quantum-machine.org/datasets/,Contains structures for all possible amons (hydrogen-saturated covalently bonded fragments) of up to eight heavy atoms..,0,True,,,,,,,,,,,,,,,,,,,,,,,,,,,,,,,,,,,,,,,,,,,,
13,Molecules generated with G-SchNet,True,datasets,http://quantum-machine.org/datasets/,Molecules generated with the G-SchNet architecture trainined on 50k randomly selected structures from QM9. Both..,0,True,,,,,,,,,,,,,,,,,,,,,,,,,,,,,,,,,,,,,,,,,,,,
14,MQMspin database,True,datasets,http://quantum-machine.org/datasets/,This data set contains a sample of approx. 5k singlet state and approx. 8k triplet state carbene structures drawn from..,0,True,,,,,,,,,,,,,,,,,,,,,,,,,,,,,,,,,,,,,,,,,,,,
15,Molecular Hamiltonians and overlap matrices ,True,datasets,http://quantum-machine.org/datasets/,"Datasets containing structures, energies, forces, Hamiltonians (Fock or Kohn-Sham matrices) and overlap matrices for..",0,True,,,,,,,,,,,,,,,,,,,,,,,,,,,,,,,,,,,,,,,,,,,,
16,tmQM Dataset,True,datasets,http://quantum-machine.org/datasets/,The transition metal quantum mechanics dataset (tmQM) contains the geometries and properties of a chemical compound..,0,True,,,,,,,,,,,,,,,,,,,,,,,,,,,,,,,,,,,,,,,,,,,,
17,Densities dataset,True,datasets,http://quantum-machine.org/datasets/,"These datasets contain molecular geometries, coupled-cluster energies, DFT energies, and valence electron densities..",0,True,,,,,,,,,,,,,,,,,,,,,,,,,,,,,,,,,,,,,,,,,,,,
18,Molecular response properties in implicit and explicit solvent environments,True,datasets,http://quantum-machine.org/datasets/,"These datasets contain structures, energies, forces and various response properties (dipole moment, polarizability..",0,True,,,,,,,,,,,,,,,,,,,,,,,,,,,,,,,,,,,,,,,,,,,,
19,Pretrained OCP models,True,mlp,https://github.com/Open-Catalyst-Project/ocp/blob/main/MODELS.md,Pretrained models released as part of the Open Catalyst Project.,0,True,['pre-trained'],,,,,,,,,,,,,,,,,,,,,,,,,,,,,,,,,,,,,,,,,,,
20,JARVIS-Leaderboard,True,datasets,https://pages.nist.gov/jarvis_leaderboard/,This project provides benchmark-performances for materials science applications including Artificial Intelligence..,0,True,['benchmarking'],https://github.com/usnistgov/jarvis_leaderboard/blob/main/LICENSE.rst,usnistgov/jarvis_leaderboard,https://github.com/usnistgov/jarvis_leaderboard,2022-07-15 16:48:33,2023-08-09 12:39:23.000000,2023-08-09 12:35:34,669.0,327.0,24.0,5.0,226.0,5.0,1.0,34.0,2023-08-04 17:33:22,2023.08.01,21.0,24.0,,,,,,,,,,,,,,,,,,,,,,,,,
21,Catalysis Hub,True,datasets,https://www.catalysis-hub.org/,A web-platform for sharing data and software for computational catalysis research!.,0,True,,,,,,,,,,,,,,,,,,,,,,,,,,,,,,,,,,,,,,,,,,,,
22,matterverse.ai,True,datasets,https://matterverse.ai/,Database of yet-to-be-sythesized materials predicted using state-of-the-art machine learning algorithms.,0,True,,,,,,,,,,,,,,,,,,,,,,,,,,,,,,,,,,,,,,,,,,,,
23,DeepChem Models,True,datasets,https://huggingface.co/DeepChem,,0,True,"['pre-trained', 'nlp']",,,,,,,,,,,,,,,,,,,,,,,,,,,,,,,,,,,,,,,,,,,
24,PyG Models,True,representation-learning,https://github.com/pyg-team/pytorch_geometric/tree/master/torch_geometric/nn/models,Representation learning models implemented in PyTorch Geometric.,0,True,,,,,,,,,,,,,,,,,,,,,,,,,,,,,,,,,,,,,,,,,,,,
25,Quantum Chemistry in the Age of Machine Learning,True,educational,https://www.elsevier.com/books-and-journals/book-companion/9780323900492,,0,True,,,,,,,,,,,,,,,,,,,,,,,,,,,,,,,,,,,,,,,,,,,,
26,Deep Graph Library (DGL),,representation-learning,https://github.com/dmlc/dgl,"Python package built to ease deep learning on graph, on top of existing DL frameworks.",38,True,,Apache-2.0,dmlc/dgl,https://github.com/dmlc/dgl,2018-04-20 14:49:09,2023-08-14 09:53:38.000000,2023-08-14 07:34:18,3302.0,271.0,2787.0,169.0,3833.0,310.0,2004.0,12077.0,2023-06-27 03:26:45,1.1.1,71.0,273.0,dgl,dglteam/dgl,130.0,130.0,https://pypi.org/project/dgl,96293.0,101233.0,https://anaconda.org/dglteam/dgl,2023-06-28 14:37:39.372,276687.0,1.0,,,,,,,,,,,,,,
27,DeepChem,,general-tools,https://github.com/deepchem/deepchem,"Democratizing Deep-Learning for Drug Discovery, Quantum Chemistry, Materials Science and Biology.",36,True,,MIT,deepchem/deepchem,https://github.com/deepchem/deepchem,2015-09-24 23:20:28,2023-08-14 07:44:07.000000,2023-08-11 16:32:24,9161.0,346.0,1450.0,147.0,1911.0,411.0,1201.0,4527.0,2022-12-01 13:22:37,2.7.1,18.0,224.0,deepchem,conda-forge/deepchem,240.0,240.0,https://pypi.org/project/deepchem,13978.0,16487.0,https://anaconda.org/conda-forge/deepchem,2023-06-16 19:18:02.015,102332.0,1.0,deepchemio/deepchem,https://hub.docker.com/r/deepchemio/deepchem,2022-03-11 05:24:00.723691,4.0,6941.0,,,,,,,,,
28,RDKit,,general-tools,https://github.com/rdkit/rdkit,,30,True,['cpp-lang'],BSD-3-Clause,rdkit/rdkit,https://github.com/rdkit/rdkit,2013-05-12 06:19:15,2023-08-14 10:37:23.000000,2023-08-11 18:30:24,7444.0,68.0,748.0,85.0,2775.0,844.0,2015.0,2147.0,2023-06-19 04:51:15,Release_2023_03_2,94.0,200.0,rdkit,rdkit/rdkit,2.0,2.0,https://pypi.org/project/rdkit,207777.0,230694.0,https://anaconda.org/rdkit/rdkit,2023-06-16 12:54:07.547,2519701.0,1.0,,,,,,1396.0,,,,,,,,
29,Matminer,,general-tools,https://github.com/hackingmaterials/matminer,Data mining for materials science.,29,True,,https://github.com/hackingmaterials/matminer/blob/main/LICENSE,hackingmaterials/matminer,https://github.com/hackingmaterials/matminer,2015-09-24 20:37:00,2023-08-14 08:06:30.000000,2023-06-27 15:45:29,4108.0,20.0,174.0,28.0,697.0,25.0,187.0,395.0,2023-06-27 15:36:52,0.9.0,66.0,49.0,matminer,conda-forge/matminer,220.0,220.0,https://pypi.org/project/matminer,16889.0,18290.0,https://anaconda.org/conda-forge/matminer,2023-06-27 20:24:06.404,47643.0,1.0,,,,,,,,,,,,,,
30,DeePMD-kit,,mlp,https://github.com/deepmodeling/deepmd-kit,A deep learning package for many-body potential energy representation and molecular dynamics.,28,True,['cpp-lang'],LGPL-3.0,deepmodeling/deepmd-kit,https://github.com/deepmodeling/deepmd-kit,2017-12-12 15:23:44,2023-08-14 10:11:55.000000,2023-08-08 03:52:54,2223.0,101.0,424.0,47.0,1216.0,48.0,389.0,1178.0,2023-08-08 05:00:42,2.2.3,37.0,60.0,deepmd-kit,deepmodeling/deepmd-kit,11.0,11.0,https://pypi.org/project/deepmd-kit,1050.0,1635.0,https://anaconda.org/deepmodeling/deepmd-kit,2023-08-11 22:29:42.658,782.0,1.0,deepmodeling/deepmd-kit,https://hub.docker.com/r/deepmodeling/deepmd-kit,2023-08-13 18:58:55.024799,1.0,1971.0,24331.0,,,,,,,,
31,QUIP,,general-tools,https://github.com/libAtoms/QUIP,libAtoms/QUIP molecular dynamics framework: https://libatoms.github.io.,27,True,,GPL-2.0,libAtoms/QUIP,https://github.com/libAtoms/QUIP,2013-07-02 15:21:59,2023-07-18 16:21:18.000000,2023-07-18 16:06:47,10831.0,63.0,117.0,27.0,163.0,87.0,335.0,296.0,2023-06-15 19:11:24,0.9.14,15.0,79.0,quippy-ase,,22.0,22.0,https://pypi.org/project/quippy-ase,1284.0,1372.0,,,,2.0,libatomsquip/quip,https://hub.docker.com/r/libatomsquip/quip,2023-04-24 21:25:17.345957,4.0,9846.0,339.0,,,,,,,,
32,paper-qa,,nlp,https://github.com/whitead/paper-qa,LLM Chain for answering questions from documents with citations.,26,True,,Apache-2.0,whitead/paper-qa,https://github.com/whitead/paper-qa,2023-02-05 01:07:25,2023-08-12 06:46:11.000000,2023-08-12 06:44:17,163.0,49.0,259.0,38.0,73.0,37.0,58.0,2909.0,2023-08-12 06:46:11,3.7.0,61.0,12.0,paper-qa,,23.0,23.0,https://pypi.org/project/paper-qa,4646.0,4646.0,,,,1.0,,,,,,,,,,,,,,
33,SchNetPack,,representation-learning,https://github.com/atomistic-machine-learning/schnetpack,SchNetPack - Deep Neural Networks for Atomistic Systems.,26,True,,MIT,atomistic-machine-learning/schnetpack,https://github.com/atomistic-machine-learning/schnetpack,2018-09-03 15:44:35,2023-07-26 15:45:32.000000,2023-07-26 15:45:27,1548.0,5.0,176.0,30.0,351.0,3.0,201.0,617.0,2023-04-25 11:23:00,2.0.3,7.0,31.0,schnetpack,,56.0,56.0,https://pypi.org/project/schnetpack,527.0,527.0,,,,1.0,,,,,,,,,,,,,,
34,e3nn,,representation-learning,https://github.com/e3nn/e3nn,A modular framework for neural networks with Euclidean symmetry.,24,True,,MIT,e3nn/e3nn,https://github.com/e3nn/e3nn,2020-01-31 13:06:42,2023-07-29 20:27:06.000000,2023-07-29 20:27:06,2155.0,4.0,105.0,18.0,202.0,15.0,129.0,716.0,2022-12-12 21:42:03,0.5.1,28.0,28.0,e3nn,conda-forge/e3nn,100.0,100.0,https://pypi.org/project/e3nn,14235.0,14794.0,https://anaconda.org/conda-forge/e3nn,2023-06-18 08:41:30.723,8388.0,1.0,,,,,,,,,,,,,,
35,DScribe,,representations,https://github.com/SINGROUP/dscribe,DScribe is a python package for creating machine learning descriptors for atomistic systems.,24,True,,Apache-2.0,SINGROUP/dscribe,https://github.com/SINGROUP/dscribe,2017-05-08 08:29:51,2023-08-06 13:49:51.000000,2023-07-19 15:24:32,1284.0,15.0,78.0,21.0,23.0,8.0,77.0,339.0,,,13.0,18.0,dscribe,conda-forge/dscribe,145.0,145.0,https://pypi.org/project/dscribe,6726.0,8784.0,https://anaconda.org/conda-forge/dscribe,2023-07-19 19:51:35.626,76174.0,1.0,,,,,,,,,,,,,,
36,AlphaFold,,biomolecules,https://github.com/deepmind/alphafold,Open source code for AlphaFold.,23,True,,Apache-2.0,deepmind/alphafold,https://github.com/deepmind/alphafold,2021-06-17 14:06:06,2023-08-10 17:19:05.000000,2023-08-10 13:28:00,125.0,6.0,1829.0,204.0,81.0,159.0,565.0,10628.0,2023-04-05 09:45:53,2.3.2,13.0,19.0,,,6.0,6.0,,,,,,,1.0,,,,,,,,,,,,,,
37,JAX-MD,,md,https://github.com/jax-md/jax-md,"Differentiable, Hardware Accelerated, Molecular Dynamics.",23,True,,Apache-2.0,jax-md/jax-md,https://github.com/jax-md/jax-md,2019-05-13 21:03:37,2023-08-12 07:20:49.000000,2023-08-09 23:16:29,827.0,36.0,158.0,50.0,152.0,59.0,73.0,979.0,2022-11-27 12:42:00,jax-md-v0.2.24,7.0,28.0,jax-md,,28.0,28.0,https://pypi.org/project/jax-md,1945.0,1945.0,,,,1.0,,,,,,,,,,,,,,
38,dgl-lifesci,,representation-learning,https://github.com/awslabs/dgl-lifesci,Python package for graph neural networks in chemistry and biology.,23,True,,Apache-2.0,awslabs/dgl-lifesci,https://github.com/awslabs/dgl-lifesci,2020-04-23 07:14:21,2023-06-12 18:56:16.000000,2023-04-16 03:55:52,236.0,,131.0,17.0,139.0,24.0,56.0,602.0,2023-02-13 08:45:17,0.3.2,8.0,22.0,dgllife,,104.0,104.0,https://pypi.org/project/dgllife,11565.0,11565.0,,,,1.0,,,,,,,,,,,,,,
39,JARVIS-Tools,,general-tools,https://github.com/usnistgov/jarvis,JARVIS-Tools: an open-source software package for data-driven atomistic materials design. Publications:..,23,True,,https://github.com/usnistgov/jarvis/blob/master/LICENSE.rst,usnistgov/jarvis,https://github.com/usnistgov/jarvis,2017-06-22 19:34:02,2023-08-11 19:26:52.000000,2023-08-11 17:35:12,2091.0,4.0,105.0,27.0,215.0,37.0,43.0,233.0,2023-08-11 17:26:26,2023.08.01,69.0,15.0,jarvis-tools,conda-forge/jarvis-tools,60.0,60.0,https://pypi.org/project/jarvis-tools,10755.0,12354.0,https://anaconda.org/conda-forge/jarvis-tools,2023-06-16 19:23:23.093,54379.0,2.0,,,,,,,,,,,,,,
40,NVIDIA Deep Learning Examples for Tensor Cores,,educational,https://github.com/NVIDIA/DeepLearningExamples,State-of-the-Art Deep Learning scripts organized by models - easy to train and deploy with reproducible accuracy and..,22,True,['drug-discovery'],https://github.com/NVIDIA/DeepLearningExamples/blob/master/DGLPyTorch/DrugDiscovery/SE3Transformer/LICENSE,NVIDIA/DeepLearningExamples,https://github.com/NVIDIA/DeepLearningExamples,2018-05-02 17:04:05,2023-08-04 17:54:49.000000,2023-08-04 17:09:41,1423.0,12.0,2746.0,289.0,523.0,215.0,556.0,11334.0,,,,115.0,,,,,,,,,,,1.0,,,,,,,,,,,,,,
41,TorchANI,,mlp,https://github.com/aiqm/torchani,Accurate Neural Network Potential on PyTorch.,22,True,,MIT,aiqm/torchani,https://github.com/aiqm/torchani,2018-04-02 15:43:04,2023-06-25 04:24:10.593000,2023-03-21 14:30:59,433.0,,109.0,27.0,478.0,17.0,137.0,391.0,2023-04-13 18:10:53,2.2.3,23.0,16.0,torchani,conda-forge/torchani,25.0,25.0,https://pypi.org/project/torchani,2061.0,7829.0,https://anaconda.org/conda-forge/torchani,2023-06-25 04:24:10.593,207674.0,1.0,,,,,,,,,,,,,,
42,MAML,,general-tools,https://github.com/materialsvirtuallab/maml,"Python for Materials Machine Learning, Materials Descriptors, Machine Learning Force Fields, Deep Learning, etc.",22,True,,BSD-3-Clause,materialsvirtuallab/maml,https://github.com/materialsvirtuallab/maml,2020-01-25 15:04:21,2023-08-11 16:27:50.000000,2023-08-11 16:27:49,1548.0,125.0,58.0,21.0,495.0,4.0,58.0,257.0,2022-09-20 18:44:37,2022.9.20,12.0,27.0,maml,,4.0,4.0,https://pypi.org/project/maml,113.0,113.0,,,,2.0,,,,,,,,,,,,,,
43,DP-GEN,,mlp,https://github.com/deepmodeling/dpgen,The deep potential generator to generate a deep-learning based model of interatomic potential energy and force field.,22,True,['workflows'],LGPL-3.0,deepmodeling/dpgen,https://github.com/deepmodeling/dpgen,2019-06-13 11:43:56,2023-08-10 23:58:27.000000,2023-03-21 14:37:04,1958.0,,154.0,13.0,714.0,40.0,194.0,229.0,2023-03-22 17:49:22,0.11.1,16.0,59.0,dpgen,deepmodeling/dpgen,4.0,4.0,https://pypi.org/project/dpgen,273.0,310.0,https://anaconda.org/deepmodeling/dpgen,2023-06-16 19:27:03.566,160.0,1.0,,,,,,1425.0,,,,,,,,
44,kgcnn,,representation-learning,https://github.com/aimat-lab/gcnn_keras,Graph convolution with tf.keras.,22,True,,MIT,aimat-lab/gcnn_keras,https://github.com/aimat-lab/gcnn_keras,2020-07-17 11:12:46,2023-08-12 09:35:43.000000,2023-08-12 09:35:24,2757.0,83.0,24.0,7.0,30.0,5.0,72.0,78.0,2023-08-01 15:42:10,3.0.2,23.0,7.0,kgcnn,,15.0,15.0,https://pypi.org/project/kgcnn,381.0,381.0,,,,1.0,,,,,,,,,,,,,,
45,DM21,,ml-dft,https://github.com/deepmind/deepmind-research/tree/master/density_functional_approximation_dm21,This package provides a PySCF interface to the DM21 (DeepMind 21) family of exchange-correlation functionals described..,21,True,,Apache-2.0,deepmind/deepmind-research,https://github.com/deepmind/deepmind-research,2019-01-15 09:54:13,2023-06-02 17:04:55.000000,2023-06-02 17:04:50,369.0,13.0,2396.0,338.0,140.0,153.0,134.0,12038.0,,,,92.0,,,,,,,,,,,1.0,,,,,,,,,,,,,,
46,MEGNet,,mlp,https://github.com/materialsvirtuallab/megnet,Graph Networks as a Universal Machine Learning Framework for Molecules and Crystals.,21,True,,BSD-3-Clause,materialsvirtuallab/megnet,https://github.com/materialsvirtuallab/megnet,2018-12-12 21:31:28,2023-04-27 02:39:17.000000,2023-04-27 02:39:17,1146.0,,139.0,24.0,314.0,17.0,57.0,453.0,2022-11-16 21:24:36,1.3.2,34.0,13.0,megnet,,68.0,68.0,https://pypi.org/project/megnet,849.0,849.0,,,,1.0,,,,,,,,,,,,,,
47,dpdata,,data-structures,https://github.com/deepmodeling/dpdata,"Manipulating multiple atomic simulation data formats, including DeePMD-kit, VASP, LAMMPS, ABACUS, etc.",21,True,,LGPL-3.0,deepmodeling/dpdata,https://github.com/deepmodeling/dpdata,2019-04-12 13:24:23,2023-08-13 23:55:02.000000,2023-05-04 01:19:46,604.0,,99.0,8.0,365.0,21.0,46.0,137.0,2023-05-04 01:23:26,0.2.15,22.0,45.0,dpdata,deepmodeling/dpdata,100.0,100.0,https://pypi.org/project/dpdata,2624.0,2644.0,https://anaconda.org/deepmodeling/dpdata,2023-06-16 19:27:06.316,483.0,1.0,,,,,,,,,,,,,,
48,NequIP,,mlp,https://github.com/mir-group/nequip,NequIP is a code for building E(3)-equivariant interatomic potentials.,20,True,,MIT,mir-group/nequip,https://github.com/mir-group/nequip,2021-03-15 23:44:39,2023-07-29 00:10:41.000000,2023-03-26 21:37:08,1670.0,,89.0,18.0,149.0,11.0,48.0,414.0,2022-12-20 18:52:46,0.5.6,14.0,8.0,nequip,conda-forge/nequip,14.0,14.0,https://pypi.org/project/nequip,712.0,928.0,https://anaconda.org/conda-forge/nequip,2023-06-18 08:41:30.787,3240.0,1.0,,,,,,,,,,,,,,
49,DeepQMC,,ml-wft,https://github.com/deepqmc/deepqmc,Deep learning quantum Monte Carlo for electrons in real space.,20,True,,MIT,deepqmc/deepqmc,https://github.com/deepqmc/deepqmc,2019-12-06 14:50:59,2023-08-08 09:18:02.000000,2023-08-08 09:18:02,1278.0,90.0,56.0,21.0,118.0,5.0,30.0,296.0,2023-01-04 09:38:38,1.0.1,7.0,13.0,deepqmc,,1.0,1.0,https://pypi.org/project/deepqmc,54.0,54.0,,,,1.0,,,,,,,,,,,,,,
50,ocp,,representation-learning,https://github.com/Open-Catalyst-Project/ocp,ocp is the Open Catalyst Projects library of state-of-the-art machine learning algorithms for catalysis.,19,True,,MIT,Open-Catalyst-Project/ocp,https://github.com/Open-Catalyst-Project/ocp,2019-09-26 04:47:27,2023-08-11 17:31:45.000000,2023-08-07 18:11:43,694.0,22.0,166.0,25.0,436.0,14.0,109.0,441.0,2022-10-01 03:00:41,0.1.0,4.0,31.0,,,,,,,,,,,2.0,,,,,,,,,,,,,,
51,exmol,,xai,https://github.com/ur-whitelab/exmol,Explainer for black box models that predict molecule properties.,19,True,,MIT,ur-whitelab/exmol,https://github.com/ur-whitelab/exmol,2021-08-03 17:56:06,2023-06-19 20:50:50.000000,2023-06-19 19:49:27,188.0,1.0,37.0,9.0,73.0,10.0,57.0,249.0,2023-06-19 20:50:51,3.0.3,27.0,7.0,exmol,,12.0,12.0,https://pypi.org/project/exmol,574.0,574.0,,,,1.0,,,,,,,,,,,,,,
52,FitSNAP,,md,https://github.com/FitSNAP/FitSNAP,Software for generating SNAP machine-learning interatomic potentials.,19,True,,GPL-2.0,FitSNAP/FitSNAP,https://github.com/FitSNAP/FitSNAP,2019-09-12 14:46:18,2023-08-10 20:33:49.000000,2023-07-31 18:51:25,1266.0,65.0,42.0,7.0,161.0,9.0,53.0,121.0,2023-06-28 16:00:48,3.1.0,7.0,24.0,,conda-forge/fitsnap3,,,,,130.0,https://anaconda.org/conda-forge/fitsnap3,2023-06-16 00:19:04.615,4265.0,2.0,,,,,,5.0,,,,,,,,
53,MatGL (Materials Graph Library),,representation-learning,https://github.com/materialsvirtuallab/matgl,Graph deep learning library for materials.,19,True,,BSD-3-Clause,materialsvirtuallab/matgl,https://github.com/materialsvirtuallab/matgl,2022-08-29 18:36:05,2023-08-13 23:05:29.000000,2023-08-13 23:05:22,775.0,383.0,20.0,6.0,98.0,2.0,28.0,101.0,2023-08-11 14:48:31,0.8.2,20.0,10.0,m3gnet,,2.0,2.0,https://pypi.org/project/m3gnet,892.0,892.0,,,,2.0,,,,,,,,,,,,,,
54,FLARE,,general-tools,https://github.com/mir-group/flare,An open-source Python package for creating fast and accurate interatomic potentials.,18,True,,MIT,mir-group/flare,https://github.com/mir-group/flare,2018-08-30 23:40:56,2023-07-20 11:31:36.000000,2023-05-26 02:06:09,4382.0,2.0,54.0,18.0,184.0,16.0,160.0,236.0,2022-04-21 18:33:10,0.2.4,5.0,36.0,,,10.0,10.0,,,0.0,,,,2.0,,,,,,1.0,,,,,,,,
55,M3GNet,,mlp,https://github.com/materialsvirtuallab/m3gnet,Materials graph network with 3-body interactions featuring a DFT surrogate crystal relaxer and a state-of-the-art..,18,True,,BSD-3-Clause,materialsvirtuallab/m3gnet,https://github.com/materialsvirtuallab/m3gnet,2022-01-18 18:10:58,2023-06-06 23:56:08.000000,2023-06-06 23:56:03,261.0,4.0,48.0,10.0,33.0,15.0,20.0,168.0,2022-11-17 23:25:35,0.2.4,16.0,14.0,m3gnet,,15.0,15.0,https://pypi.org/project/m3gnet,892.0,892.0,,,,2.0,,,,,,,,,,,,,,
56,ALIGNN,,representation-learning,https://github.com/usnistgov/alignn,Atomistic Line Graph Neural Network.,18,True,,https://github.com/usnistgov/alignn/blob/main/LICENSE.rst,usnistgov/alignn,https://github.com/usnistgov/alignn,2021-04-19 20:08:09,2023-08-11 18:09:14.000000,2023-08-11 04:50:09,595.0,83.0,64.0,10.0,88.0,24.0,22.0,143.0,2023-08-11 04:51:42,2023.08.01,40.0,8.0,alignn,,4.0,4.0,https://pypi.org/project/alignn,658.0,658.0,,,,2.0,,,,,,,,,,,,,,
57,e3nn-jax,,representation-learning,https://github.com/e3nn/e3nn-jax,jax library for E3 Equivariant Neural Networks.,18,True,,Apache-2.0,e3nn/e3nn-jax,https://github.com/e3nn/e3nn-jax,2021-06-08 13:21:51,2023-08-11 13:46:24.000000,2023-08-11 13:46:20,894.0,67.0,13.0,9.0,29.0,1.0,7.0,121.0,2023-06-24 17:06:31,0.19.3,35.0,4.0,e3nn-jax,,,,https://pypi.org/project/e3nn-jax,2521.0,2521.0,,,,2.0,,,,,,,,,,,,,,
58,Scikit-Matter,,general-tools,https://github.com/scikit-learn-contrib/scikit-matter,,18,True,['scikit-learn'],BSD-3-Clause,scikit-learn-contrib/scikit-matter,https://github.com/scikit-learn-contrib/scikit-matter,2020-10-12 19:23:26,2023-08-14 08:01:20.000000,2023-08-08 11:13:53,339.0,12.0,15.0,16.0,140.0,12.0,55.0,60.0,2023-03-14 17:41:48,0.1.4,6.0,11.0,skmatter,conda-forge/skmatter,5.0,5.0,https://pypi.org/project/skmatter,330.0,405.0,https://anaconda.org/conda-forge/skmatter,2023-06-18 17:27:51.786,377.0,2.0,,,,,,,,,,,,,,
59,MALA,,ml-dft,https://github.com/mala-project/mala,Materials Learning Algorithms. A framework for machine learning materials properties from first-principles data.,18,True,,BSD-3-Clause,mala-project/mala,https://github.com/mala-project/mala,2021-03-31 11:40:38,2023-08-04 14:05:18.000000,2023-08-04 14:04:12,2070.0,122.0,19.0,9.0,248.0,23.0,208.0,49.0,2022-10-18 07:04:37,1.1.0,7.0,42.0,,,,,,,,,,,1.0,,,,,,,,,,,,,,
60,MoLeR,,generative,https://github.com/microsoft/molecule-generation,Implementation of MoLeR: a generative model of molecular graphs which supports scaffold-constrained generation.,17,True,,MIT,microsoft/molecule-generation,https://github.com/microsoft/molecule-generation,2022-02-17 19:16:29,2023-08-09 14:17:04.000000,2023-08-09 14:17:01,63.0,4.0,31.0,11.0,33.0,6.0,24.0,194.0,2023-06-18 21:03:46,0.4.0,4.0,5.0,molecule-generation,,,,https://pypi.org/project/molecule-generation,207.0,207.0,,,,1.0,,,,,,,,,,,,,,
61,gpax,,math,https://github.com/ziatdinovmax/gpax,Gaussian Processes for Experimental Sciences.,17,True,"['probabilistic', 'active-learning']",MIT,ziatdinovmax/gpax,https://github.com/ziatdinovmax/gpax,2021-10-28 13:43:18,2023-08-13 23:21:12.000000,2023-08-07 01:30:41,452.0,121.0,14.0,3.0,29.0,2.0,3.0,96.0,2023-07-09 23:50:56,0.0.7,7.0,,gpax,,,,https://pypi.org/project/gpax,154.0,154.0,,,,1.0,,,,,,,,,,,,,,
62,Chemiscope,,visualization,https://github.com/lab-cosmo/chemiscope,An interactive structure/property explorer for materials and molecules.,17,True,['javascript-lang'],BSD-3-Clause,lab-cosmo/chemiscope,https://github.com/lab-cosmo/chemiscope,2019-10-03 09:59:42,2023-07-25 15:32:53.000000,2023-07-25 15:28:49,648.0,7.0,26.0,15.0,182.0,40.0,66.0,86.0,2023-03-15 15:39:40,0.5.2,12.0,17.0,,,5.0,5.0,,,39.0,,,,1.0,,,,,,134.0,chemiscope,https://www.npmjs.com/package/chemiscope,36.0,,,,,
63,MAST-ML,,general-tools,https://github.com/uw-cmg/MAST-ML,MAterials Simulation Toolkit for Machine Learning (MAST-ML).,17,True,,MIT,uw-cmg/MAST-ML,https://github.com/uw-cmg/MAST-ML,2017-02-16 17:03:57,2023-07-28 19:11:53.000000,2023-07-28 18:33:43,3162.0,3.0,50.0,13.0,36.0,22.0,191.0,85.0,2023-05-01 21:32:25,3.1.7,6.0,19.0,,,5.0,5.0,,,2.0,,,,2.0,,,,,,79.0,,,,,,,,
64,Uni-Mol,,representation-learning,https://github.com/dptech-corp/Uni-Mol,Official Repository for the Uni-Mol Series Methods.,16,True,['pre-trained'],MIT,dptech-corp/Uni-Mol,https://github.com/dptech-corp/Uni-Mol,2022-05-22 13:26:41,2023-08-09 08:32:43.000000,2023-08-09 08:32:43,78.0,7.0,70.0,20.0,52.0,25.0,66.0,391.0,2023-07-07 09:02:23,0.2,2.0,7.0,,,,,,,463.0,,,,2.0,,,,,,4639.0,,,,,,,,
65,QML,,general-tools,https://github.com/qmlcode/qml,QML: Quantum Machine Learning.,16,False,,MIT,qmlcode/qml,https://github.com/qmlcode/qml,2017-04-22 04:48:38,2023-07-26 12:01:42.000000,2018-09-10 11:14:35,75.0,,77.0,23.0,101.0,27.0,19.0,184.0,,,3.0,2.0,qml,,18.0,18.0,https://pypi.org/project/qml,338.0,338.0,,,,3.0,,,,,,,,,,,,,,
66,KFAC-JAX,,math,https://github.com/deepmind/kfac-jax,Second Order Optimization and Curvature Estimation with K-FAC in JAX.,16,True,,Apache-2.0,deepmind/kfac-jax,https://github.com/deepmind/kfac-jax,2022-03-18 10:19:24,2023-08-13 20:55:24.000000,2023-08-13 20:55:19,139.0,28.0,10.0,6.0,149.0,4.0,4.0,148.0,2023-05-16 18:03:40,0.0.5,4.0,11.0,kfac-jax,,6.0,6.0,https://pypi.org/project/kfac-jax,636.0,636.0,,,,2.0,,,,,,,,,,,,,,
67,CatLearn,,representation-engineering,https://github.com/SUNCAT-Center/CatLearn,,16,True,['surface-science'],GPL-3.0,SUNCAT-Center/CatLearn,https://github.com/SUNCAT-Center/CatLearn,2018-04-20 04:16:14,2023-07-25 21:09:47.000000,2023-02-07 09:31:25,1960.0,,49.0,19.0,79.0,9.0,16.0,92.0,2020-03-27 09:26:03,0.6.2,8.0,22.0,catlearn,,4.0,4.0,https://pypi.org/project/catlearn,121.0,121.0,,,,1.0,,,,,,,,,,,,,,
68,DADApy,,unsupervised,https://github.com/sissa-data-science/DADApy,Distance-based Analysis of DAta-manifolds in python.,16,True,,Apache-2.0,sissa-data-science/DADApy,https://github.com/sissa-data-science/DADApy,2021-02-16 17:45:23,2023-07-27 13:31:05.000000,2023-07-27 13:31:02,636.0,57.0,8.0,8.0,72.0,9.0,15.0,69.0,2023-05-25 16:37:17,0.2.0,3.0,15.0,dadapy,,2.0,2.0,https://pypi.org/project/dadapy,49.0,49.0,,,,1.0,,,,,,,,,,,,,,
69,benchmarking-gnns,,representation-learning,https://github.com/graphdeeplearning/benchmarking-gnns,Repository for benchmarking graph neural networks.,15,False,"['single-paper', 'benchmarking']",MIT,graphdeeplearning/benchmarking-gnns,https://github.com/graphdeeplearning/benchmarking-gnns,2020-03-03 03:42:50,2023-06-22 04:03:53.000000,2022-05-10 13:22:20,45.0,,414.0,58.0,17.0,4.0,60.0,2225.0,,,,5.0,,,,,,,,,,,2.0,,,,,,,,,,,,,,
70,Uni-Fold,,biomolecules,https://github.com/dptech-corp/Uni-Fold,An open-source platform for developing protein models beyond AlphaFold.,15,True,,Apache-2.0,dptech-corp/Uni-Fold,https://github.com/dptech-corp/Uni-Fold,2022-07-30 03:37:29,2023-06-19 13:56:15.000000,2023-06-19 13:56:13,95.0,2.0,46.0,7.0,71.0,7.0,47.0,277.0,2022-10-19 12:44:31,2.2.0,3.0,7.0,,,,,,,196.0,,,,3.0,,,,,,1966.0,,,,,,,,
71,sGDML,,mlp,https://github.com/stefanch/sGDML,sGDML - Reference implementation of the Symmetric Gradient Domain Machine Learning model.,15,True,,MIT,stefanch/sGDML,https://github.com/stefanch/sGDML,2018-07-11 15:20:30,2023-08-07 08:17:29.000000,2023-06-08 12:49:46,199.0,1.0,34.0,9.0,12.0,5.0,11.0,113.0,2023-06-08 12:51:43,1.0.1,14.0,7.0,sgdml,,8.0,8.0,https://pypi.org/project/sgdml,115.0,115.0,,,,2.0,,,,,,,,,,,,,,
72,XenonPy,,general-tools,https://github.com/yoshida-lab/XenonPy,XenonPy is a Python Software for Materials Informatics.,15,True,,BSD-3-Clause,yoshida-lab/XenonPy,https://github.com/yoshida-lab/XenonPy,2018-01-17 10:13:29,2023-05-21 15:54:32.000000,2023-05-21 15:53:00,682.0,2.0,57.0,12.0,182.0,16.0,66.0,107.0,2023-05-21 15:54:32,0.6.8,45.0,10.0,xenonpy,,,,https://pypi.org/project/xenonpy,233.0,250.0,,,,3.0,,,,,,1154.0,,,,,,,,
73,PyXtalFF,,mlp,https://github.com/MaterSim/PyXtal_FF,Machine Learning Interatomic Potential Predictions.,15,True,,MIT,MaterSim/PyXtal_FF,https://github.com/MaterSim/PyXtal_FF,2019-01-08 08:43:35,2023-07-08 18:49:35.000000,2023-07-08 18:49:20,557.0,4.0,19.0,9.0,2.0,9.0,51.0,71.0,2023-06-09 17:17:24,0.2.3,19.0,8.0,pyxtal_ff,,,,https://pypi.org/project/pyxtal_ff,59.0,59.0,,,,2.0,,,,,,,,,,,,,,
74,FermiNet,,ml-wft,https://github.com/deepmind/ferminet,An implementation of the Fermionic Neural Network for ab-initio electronic structure calculations.,14,True,,Apache-2.0,deepmind/ferminet,https://github.com/deepmind/ferminet,2020-10-06 12:21:06,2023-08-10 09:59:16.000000,2023-07-18 09:06:22,185.0,5.0,98.0,34.0,26.0,,38.0,570.0,,,,17.0,,,,,,,,,,,2.0,,,,,,,,,,,,,,
75,SISSO,,representations,https://github.com/rouyang2017/SISSO,A data-driven method combining symbolic regression and compressed sensing for accurate & interpretable models.,14,True,['fortran-lang'],Apache-2.0,rouyang2017/SISSO,https://github.com/rouyang2017/SISSO,2017-10-16 11:31:57,2023-07-26 04:28:51.000000,2023-07-26 04:28:51,164.0,15.0,60.0,6.0,2.0,,50.0,175.0,,,,3.0,,,,,,,,,,,1.0,,,,,,,,,,,,,,
76,DeepH-pack,,ml-dft,https://github.com/mzjb/DeepH-pack,Deep neural networks for density functional theory Hamiltonian.,14,True,['julia-lang'],LGPL-3.0,mzjb/DeepH-pack,https://github.com/mzjb/DeepH-pack,2022-05-13 02:51:32,2023-08-03 05:36:54.000000,2023-07-11 08:11:15,54.0,11.0,25.0,4.0,13.0,4.0,29.0,128.0,2023-07-11 08:13:06,0.2.2,2.0,6.0,,,,,,,,,,,2.0,,,,,,,,,,,,,,
77,Automatminer,,general-tools,https://github.com/hackingmaterials/automatminer,An automatic engine for predicting materials properties.,14,False,,https://github.com/hackingmaterials/automatminer/blob/main/LICENSE,hackingmaterials/automatminer,https://github.com/hackingmaterials/automatminer,2018-05-10 18:27:08,2022-12-07 10:00:21.000000,2022-01-06 19:39:49,1666.0,,43.0,12.0,232.0,36.0,138.0,124.0,2020-07-28 02:19:07,1.0.3.20200727,17.0,13.0,automatminer,,6.0,6.0,https://pypi.org/project/automatminer,98.0,98.0,,,,3.0,,,,,,,,,,,,,,
78,SpheriCart,,math,https://github.com/lab-cosmo/sphericart,Multi-language library for the calculation of spherical harmonics in Cartesian coordinates.,14,True,,Apache-2.0,lab-cosmo/sphericart,https://github.com/lab-cosmo/sphericart,2023-02-04 15:15:25,2023-08-11 20:37:08.000000,2023-07-18 06:06:46,315.0,20.0,3.0,4.0,51.0,9.0,5.0,40.0,2023-04-26 12:06:09,0.3.0,1.0,6.0,sphericart,,1.0,1.0,https://pypi.org/project/sphericart,78.0,78.0,,,,2.0,,,,,,,,,,,,,,
79,KLIFF,,mlp,https://github.com/openkim/kliff,KIM-based Learning-Integrated Fitting Framework (KLIFF).,14,True,"['probabilistic', 'workflows']",LGPL-2.1,openkim/kliff,https://github.com/openkim/kliff,2017-08-01 20:33:58,2023-08-14 00:02:14.000000,2023-08-09 17:09:55,982.0,31.0,17.0,2.0,96.0,17.0,16.0,27.0,2022-10-07 05:16:11,0.4.1,16.0,10.0,kliff,conda-forge/kliff,,,https://pypi.org/project/kliff,107.0,1498.0,https://anaconda.org/conda-forge/kliff,2023-06-16 16:19:12.982,62627.0,2.0,,,,,,,,,,,,,,
80,Polynomials4ML.jl,,math,https://github.com/ACEsuit/Polynomials4ML.jl,"Polynomials for ML: fast evaluation, batching, differentiation.",14,True,['julia-lang'],MIT,ACEsuit/Polynomials4ML.jl,https://github.com/ACEsuit/Polynomials4ML.jl,2022-09-20 23:05:53,2023-08-09 23:54:30.000000,2023-08-09 05:03:18,278.0,164.0,2.0,3.0,24.0,16.0,22.0,10.0,2023-07-29 00:42:23,0.2.2,6.0,8.0,,,,,,,,,,,2.0,,,,,,,,,,,,,,
81,n2p2,,mlp,https://github.com/CompPhysVienna/n2p2,n2p2 - A Neural Network Potential Package.,13,True,['cpp-lang'],GPL-3.0,CompPhysVienna/n2p2,https://github.com/CompPhysVienna/n2p2,2018-07-25 12:29:17,2023-05-11 16:26:02.000000,2022-09-05 10:56:20,387.0,,66.0,12.0,53.0,54.0,85.0,184.0,2022-05-23 12:53:39,2.2.0,11.0,9.0,,,,,,,,,,,2.0,,,,,,,,,,,,,,
82,MACE,,mlp,https://github.com/ACEsuit/mace,MACE - Fast and accurate machine learning interatomic potentials with higher order equivariant message passing.,13,True,,MIT,ACEsuit/mace,https://github.com/ACEsuit/mace,2022-06-21 18:44:34,2023-08-11 09:06:49.000000,2023-07-11 17:53:09,209.0,2.0,59.0,18.0,70.0,18.0,35.0,179.0,2023-02-09 12:24:53,0.2.0,1.0,11.0,,,,,,,,,,,2.0,,,,,,,,,,,,,,
83,AMPtorch,,general-tools,https://github.com/ulissigroup/amptorch,AMPtorch: Atomistic Machine Learning Package (AMP) - PyTorch.,13,True,,GPL-3.0,ulissigroup/amptorch,https://github.com/ulissigroup/amptorch,2019-01-24 15:15:48,2023-07-16 02:11:38.000000,2023-07-16 02:08:13,759.0,9.0,31.0,9.0,99.0,4.0,25.0,54.0,2023-07-16 02:11:38,1.0,3.0,14.0,,,,,,,,,,,3.0,,,,,,,,,,,,,,
84,So3krates (MLFF),,mlp,https://github.com/thorben-frank/mlff,Build neural networks for machine learning force fields with JAX.,13,True,,MIT,thorben-frank/mlff,https://github.com/thorben-frank/mlff,2022-09-30 07:40:17,2023-08-12 15:13:49.000000,2023-08-12 15:13:46,92.0,55.0,5.0,3.0,8.0,2.0,3.0,33.0,2023-07-12 08:34:56,0.2.0,1.0,3.0,,,,,,,,,,,2.0,,,,,,,,,,,,,,
85,aviary,,materials-discovery,https://github.com/CompRhys/aviary,The Wren sits on its Roost in the Aviary.,13,True,,MIT,CompRhys/aviary,https://github.com/CompRhys/aviary,2021-09-28 12:29:05,2023-08-10 01:55:31.000000,2023-08-10 01:50:53,603.0,6.0,7.0,2.0,48.0,4.0,22.0,26.0,2023-08-10 01:55:58,0.1.1,4.0,4.0,,,,,,,,,,,1.0,,,,,,,,,,,,,,
86,Equistore,,data-structures,https://github.com/lab-cosmo/equistore,Storage format for equivariant atomistic machine learning.,13,True,,BSD-3-Clause,lab-cosmo/equistore,https://github.com/lab-cosmo/equistore,2022-03-01 15:58:28,2023-08-14 11:30:55.000000,2023-08-02 09:37:37,334.0,64.0,12.0,15.0,221.0,39.0,58.0,23.0,,,,16.0,,,,,,,,,,,3.0,,,,,,,,,,,,,,
87,Compositionally-Restricted Attention-Based Network (CrabNet),,representation-learning,https://github.com/sparks-baird/CrabNet,Predict materials properties using only the composition information!.,13,True,,MIT,sparks-baird/CrabNet,https://github.com/sparks-baird/CrabNet,2021-09-17 07:58:15,2023-06-19 09:35:52.000000,2023-06-19 09:35:52,427.0,1.0,3.0,1.0,54.0,13.0,2.0,10.0,2023-06-07 01:07:33,2.0.8,5.0,5.0,crabnet,,10.0,10.0,https://pypi.org/project/crabnet,188.0,188.0,,,,2.0,,,,,,,,,,,,,,
88,CCS_fit,,mlp,https://github.com/Teoroo-CMC/CCS,Curvature Constrained Splines.,13,True,,GPL-3.0,Teoroo-CMC/CCS,https://github.com/Teoroo-CMC/CCS,2021-12-13 14:29:53,2023-08-07 14:26:30.000000,2023-08-07 14:26:28,748.0,24.0,8.0,2.0,10.0,8.0,5.0,5.0,2023-08-07 14:26:31,0.22.0,100.0,8.0,ccs_fit,,,,https://pypi.org/project/ccs_fit,425.0,467.0,,,,2.0,,,,,,385.0,,,,,,,,
89,Deep Learning for Molecules and Materials Book,,educational,https://dmol.pub/,Deep learning for molecules and materials book.,12,True,,https://github.com/whitead/dmol-book/blob/main/LICENSE,whitead/dmol-book,https://github.com/whitead/dmol-book,2020-08-19 19:24:32,2023-07-02 18:02:57.000000,2023-07-02 18:02:56,558.0,3.0,96.0,17.0,92.0,24.0,128.0,518.0,,,,19.0,,,,,,,,,,,1.0,,,,,,,,,,,,,,
90,Crystal Graph Convolutional Neural Networks (CGCNN),,representation-learning,https://github.com/txie-93/cgcnn,Crystal graph convolutional neural networks for predicting material properties.,12,False,,MIT,txie-93/cgcnn,https://github.com/txie-93/cgcnn,2018-03-14 20:41:21,2021-09-06 05:23:51.000000,2021-09-06 05:23:38,25.0,,247.0,22.0,7.0,15.0,18.0,492.0,,,,3.0,,,,,,,,,,,2.0,,,,,,,,,,,,,,
91,ASAP,,unsupervised,https://github.com/BingqingCheng/ASAP,ASAP is a package that can quickly analyze and visualize datasets of crystal or molecular structures.,12,True,,MIT,BingqingCheng/ASAP,https://github.com/BingqingCheng/ASAP,2019-08-11 12:45:14,2023-07-25 07:38:32.000000,2023-07-25 07:32:45,758.0,3.0,25.0,7.0,37.0,6.0,18.0,113.0,,,,6.0,,,4.0,4.0,,,,,,,2.0,,,,,,,,,,,,,,
92,DMFF,,mlp,https://github.com/deepmodeling/DMFF,DMFF (Differentiable Molecular Force Field) is a Jax-based python package that provides a full differentiable..,12,True,,LGPL-3.0,deepmodeling/DMFF,https://github.com/deepmodeling/DMFF,2022-02-14 01:35:50,2023-08-11 08:09:06.000000,2023-02-14 05:57:53,273.0,,26.0,12.0,95.0,8.0,5.0,106.0,2022-12-02 14:41:23,0.2.0,3.0,7.0,,,,,,,,,,,2.0,,,,,,,,,,,,,,
93,Librascal,,representations,https://github.com/lab-cosmo/librascal,A scalable and versatile library to generate representations for atomic-scale learning.,12,True,,LGPL-2.1,lab-cosmo/librascal,https://github.com/lab-cosmo/librascal,2018-02-01 08:38:51,2023-06-06 10:01:25.000000,2023-06-06 10:01:20,2930.0,2.0,19.0,19.0,198.0,99.0,131.0,70.0,,,3.0,29.0,,,,,,,,,,,2.0,,,,,,,,,,,,,,
94,Neural fingerprint (nfp),,representation-learning,https://github.com/NREL/nfp,Keras layers for end-to-end learning with rdkit and pymatgen.,12,False,,https://github.com/NREL/nfp/blob/master/LICENSE,NREL/nfp,https://github.com/NREL/nfp,2018-11-20 23:55:23,2022-08-29 21:59:14.000000,2022-06-14 22:18:28,143.0,,24.0,7.0,18.0,,6.0,53.0,2022-04-27 17:05:25,0.3.12,13.0,4.0,,,11.0,11.0,,,,,,,2.0,,,,,,,,,,,,,,
95,Pacemaker,,mlp,https://cortner.github.io/ACEweb/software/,Python package for fitting atomic cluster expansion (ACE) potentials.,12,True,,https://github.com/ICAMS/python-ace/blob/master/LICENSE.md,ICAMS/python-ace,https://github.com/ICAMS/python-ace,2021-11-19 11:39:54,2023-07-21 17:51:03.000000,2023-07-21 17:50:02,113.0,16.0,9.0,3.0,20.0,7.0,24.0,41.0,2022-10-24 19:59:33,0.2.8,2.0,5.0,python-ace,,,,https://pypi.org/project/python-ace,7.0,7.0,,,,2.0,,,,,,,,,,,,,,
96,jarvis-tools-notebooks,,educational,https://github.com/JARVIS-Materials-Design/jarvis-tools-notebooks,A Google-Colab Notebook Collection for Materials Design: https://jarvis.nist.gov/.,12,True,,NIST,JARVIS-Materials-Design/jarvis-tools-notebooks,https://github.com/JARVIS-Materials-Design/jarvis-tools-notebooks,2020-06-27 20:22:02,2023-08-11 12:06:25.000000,2023-08-11 12:06:24,481.0,171.0,21.0,3.0,36.0,,,36.0,,,,5.0,,,,,,,,,,,1.0,,,,,,,,,,,,,,
97,synspace,,generative,https://github.com/whitead/synspace,Synthesis generative model.,12,True,,MIT,whitead/synspace,https://github.com/whitead/synspace,2022-12-28 00:59:14,2023-04-15 22:42:57.000000,2023-04-15 18:04:16,27.0,,3.0,3.0,1.0,2.0,1.0,29.0,2023-04-15 22:42:57,0.3.0,3.0,2.0,synspace,,4.0,4.0,https://pypi.org/project/synspace,426.0,426.0,,,,2.0,,,,,,,,,,,,,,
98,ACE1Pack.jl,,mlp,https://github.com/ACEsuit/ACE1pack.jl,"Provides convenience functionality for the usage of ACE1.jl, ACEfit.jl, JuLIP.jl for fitting interatomic potentials..",12,True,['julia-lang'],MIT,ACEsuit/ACE1pack.jl,https://github.com/ACEsuit/ACE1pack.jl,2022-01-21 17:28:37,2023-08-09 20:51:07.000000,2023-08-09 20:36:11,551.0,56.0,7.0,5.0,56.0,37.0,54.0,12.0,,,,11.0,,,,,,,,,,,2.0,,,,,,,,,,https://acesuit.github.io/ACE1pack.jl,,,,
99,OpenChem,,general-tools,https://github.com/Mariewelt/OpenChem,OpenChem: Deep Learning toolkit for Computational Chemistry and Drug Design Research.,11,False,,MIT,Mariewelt/OpenChem,https://github.com/Mariewelt/OpenChem,2018-07-10 01:27:33,2023-06-06 01:57:19.000000,2022-04-27 19:27:40,444.0,,103.0,37.0,11.0,15.0,2.0,611.0,,,,2.0,,,,,,,,,,,3.0,,,,,,,,,,,,,,
100,ReLeaSE,,reinforcement-learning,https://github.com/isayev/ReLeaSE,Deep Reinforcement Learning for de-novo Drug Design.,11,False,['drug-discovery'],MIT,isayev/ReLeaSE,https://github.com/isayev/ReLeaSE,2018-04-26 14:50:34,2021-12-08 19:49:36.000000,2021-12-08 19:49:36,160.0,,121.0,19.0,9.0,27.0,8.0,306.0,,,,5.0,,,,,,,,,,,1.0,,,,,,,,,,,,,,
101,DeepLearningLifeSciences,,educational,https://github.com/deepchem/DeepLearningLifeSciences,Example code from the book Deep Learning for the Life Sciences.,11,False,,MIT,deepchem/DeepLearningLifeSciences,https://github.com/deepchem/DeepLearningLifeSciences,2019-02-05 17:16:18,2021-09-17 05:10:37.000000,2021-09-17 05:10:37,52.0,,131.0,23.0,15.0,10.0,8.0,296.0,2019-10-28 18:46:28,1.0,1.0,10.0,,,,,,,,,,,2.0,,,,,,,,,,,,,,
102,ANI-1,,mlp,https://github.com/isayev/ASE_ANI,ANI-1 neural net potential with python interface (ASE).,11,False,,MIT,isayev/ASE_ANI,https://github.com/isayev/ASE_ANI,2016-12-08 05:09:32,2020-12-14 19:57:50.000000,2020-06-05 22:46:43,111.0,,55.0,36.0,9.0,12.0,20.0,199.0,,,,6.0,,,,,,,,,,,2.0,,,,,,,,,,,,,,
103,Neural Force Field,,mlp,https://github.com/learningmatter-mit/NeuralForceField,Neural Network Force Field based on PyTorch.,11,True,['pre-trained'],MIT,learningmatter-mit/NeuralForceField,https://github.com/learningmatter-mit/NeuralForceField,2020-10-04 15:17:41,2023-07-25 15:37:02.000000,2023-07-25 15:37:01,122.0,5.0,40.0,8.0,4.0,,16.0,181.0,,,,10.0,,,,,,,,,,,2.0,,,,,,,,,,,,,,
104,gptchem,,nlp,https://github.com/kjappelbaum/gptchem,Use GPT-3 to solve chemistry problems.,11,True,,MIT,kjappelbaum/gptchem,https://github.com/kjappelbaum/gptchem,2023-01-06 15:34:32,2023-06-22 05:28:27.000000,2023-06-22 05:28:27,108.0,1.0,27.0,5.0,2.0,3.0,2.0,157.0,2023-04-06 19:44:55,0.0.1,1.0,2.0,gptchem,,,,https://pypi.org/project/gptchem,36.0,36.0,,,,2.0,,,,,,,,,,,,,,
105,MolSkill,,nlp,https://github.com/microsoft/molskill,Learning chemical intuition from humans in the loop. Supporting code.,11,True,"['drug-discovery', 'recommender']",MIT,microsoft/molskill,https://github.com/microsoft/molskill,2023-01-12 13:48:31,2023-08-04 12:22:15.000000,2023-06-13 09:58:31,80.0,5.0,5.0,8.0,8.0,2.0,3.0,77.0,2023-08-04 12:22:15,1.2b,5.0,4.0,,msr-ai4science/molskill,,,,,13.0,https://anaconda.org/msr-ai4science/molskill,2023-06-18 17:27:43.196,78.0,2.0,,,,,,,,,,,,,,
106,nlcc,,nlp,https://github.com/whitead/nlcc,Natural language computational chemistry command line interface.,11,True,['single-paper'],MIT,whitead/nlcc,https://github.com/whitead/nlcc,2021-08-19 18:23:52,2023-02-04 03:07:56.000000,2023-02-04 03:06:33,144.0,,6.0,4.0,1.0,,9.0,41.0,2023-02-04 03:07:56,0.6.0,10.0,3.0,nlcc,,,,https://pypi.org/project/nlcc,56.0,56.0,,,,2.0,,,,,,,,,,,,,,
107,SIMPLE-NN,,mlp,https://github.com/MDIL-SNU/SIMPLE-NN,SIMPLE-NN(SNU Interatomic Machine-learning PotentiaL packagE version Neural Network).,11,False,,GPL-3.0,MDIL-SNU/SIMPLE-NN,https://github.com/MDIL-SNU/SIMPLE-NN,2018-03-26 23:53:35,2022-01-27 05:04:05.000000,2022-01-27 05:04:05,586.0,,18.0,12.0,91.0,4.0,26.0,41.0,2021-09-23 01:41:42,1.1.1,9.0,4.0,,,,,,,,,,,2.0,,,,,,,,,,,,,,
108,Ultra-Fast Force Fields (UF3),,mlp,https://github.com/uf3/uf3,UF3: a python library for generating ultra-fast interatomic potentials.,11,True,,Apache-2.0,uf3/uf3,https://github.com/uf3/uf3,2021-10-01 13:21:44,2023-07-05 18:18:15.000000,2023-07-05 18:18:14,384.0,2.0,14.0,4.0,25.0,10.0,17.0,30.0,2022-09-29 10:22:37,0.3.2,3.0,4.0,uf3,,,,https://pypi.org/project/uf3,13.0,13.0,,,,2.0,,,,,,,,,,,,,,
109,SchNetPack G-SchNet,,generative,https://github.com/atomistic-machine-learning/schnetpack-gschnet,G-SchNet extension for SchNetPack.,11,True,,MIT,atomistic-machine-learning/schnetpack-gschnet,https://github.com/atomistic-machine-learning/schnetpack-gschnet,2022-04-21 12:34:13,2023-06-01 14:11:50.000000,2023-06-01 14:11:46,116.0,1.0,3.0,4.0,,,8.0,25.0,2023-04-25 14:09:07,1.0.0,2.0,3.0,,,,,,,,,,,2.0,,,,,,,,,,,,,,
110,ACEfit,,mlp,https://github.com/ACEsuit/ACEfit.jl,,11,False,['julia-lang'],MIT,ACEsuit/ACEfit.jl,https://github.com/ACEsuit/ACEfit.jl,2022-01-01 00:09:17,2023-08-09 20:34:27.000000,2023-08-09 20:28:40,200.0,26.0,3.0,3.0,14.0,19.0,32.0,4.0,,,,5.0,,,,,,,,,,,2.0,,,,,,,,,,,,,,
111,SE(3)-Transformers,,representation-learning,https://github.com/FabianFuchsML/se3-transformer-public,code for the SE3 Transformers paper: https://arxiv.org/abs/2006.10503.,10,False,['single-paper'],MIT,FabianFuchsML/se3-transformer-public,https://github.com/FabianFuchsML/se3-transformer-public,2020-08-31 10:36:57,2023-07-10 05:13:25.000000,2021-11-18 09:11:56,63.0,,62.0,15.0,5.0,9.0,17.0,404.0,,,,2.0,,,,,,,,,,,2.0,,,,,,,,,,,,,,
112,GDC,,representation-learning,https://github.com/gasteigerjo/gdc,"Graph Diffusion Convolution, as proposed in Diffusion Improves Graph Learning (NeurIPS 2019).",10,True,['generative'],MIT,gasteigerjo/gdc,https://github.com/gasteigerjo/gdc,2019-10-26 16:05:11,2023-04-26 14:22:40.000000,2023-04-26 14:22:40,28.0,,37.0,3.0,1.0,,10.0,218.0,,,,3.0,,,,,,,,,,,2.0,,,,,,,,,,,,,,
113,DeePKS-kit,,ml-dft,https://github.com/deepmodeling/deepks-kit,a package for developing machine learning-based chemically accurate energy and density functional models.,10,True,,LGPL-3.0,deepmodeling/deepks-kit,https://github.com/deepmodeling/deepks-kit,2020-07-29 03:27:50,2023-07-06 02:16:10.000000,2023-04-01 01:14:46,380.0,,29.0,12.0,39.0,1.0,9.0,93.0,,,,6.0,,,,,,,,,,,2.0,,,,,,,,,,,,,,
114,flare++,,general-tools,https://github.com/mir-group/flare_pp,A many-body extension of the FLARE code.,10,False,"['cpp-lang', 'active-learning']",MIT,mir-group/flare_pp,https://github.com/mir-group/flare_pp,2019-11-20 22:46:32,2022-02-27 21:05:09.000000,2022-02-24 19:00:50,989.0,,6.0,6.0,28.0,8.0,17.0,34.0,,,,10.0,flare_pp,,,,https://pypi.org/project/flare_pp,133.0,133.0,,,,3.0,,,,,,,,,,,,,,
115,DeepErwin,,ml-wft,https://github.com/mdsunivie/deeperwin,DeepErwin is a python 3.8+ package that implements and optimizes JAX 2.x wave function models for numerical solutions..,10,True,,https://github.com/mdsunivie/deeperwin/blob/master/LICENSE,mdsunivie/deeperwin,https://github.com/mdsunivie/deeperwin,2021-06-14 15:18:32,2023-07-17 13:48:55.000000,2023-07-17 13:39:49,55.0,6.0,5.0,3.0,3.0,2.0,6.0,32.0,2022-07-18 10:18:25,arxiv_2105.08351v2,2.0,6.0,deeperwin,,,,https://pypi.org/project/deeperwin,35.0,35.0,,,,3.0,,,,,,,,,,,,,,
116,cmlkit,,representation-engineering,https://github.com/sirmarcel/cmlkit,tools for machine learning in condensed matter physics and quantum chemistry.,10,False,['benchmarking'],MIT,sirmarcel/cmlkit,https://github.com/sirmarcel/cmlkit,2018-05-31 07:56:52,2022-04-01 00:39:14.000000,2022-03-25 22:27:04,526.0,,6.0,3.0,1.0,6.0,2.0,29.0,,,,,cmlkit,,4.0,4.0,https://pypi.org/project/cmlkit,83.0,83.0,,,,2.0,,,,,,,,,,,,,,
117,OpenKIM,,datasets,https://openkim.org/,"The Open Knowledgebase of Interatomic Models (OpenKIM) aims to be an online resource for standardized testing, long-..",10,False,"['knowledge-base', 'pre-trained']",LGPL-2.1,openkim/kim-api,https://github.com/openkim/kim-api,2014-07-28 21:21:08,2022-11-04 00:09:30.000000,2022-03-17 23:01:36,2371.0,,18.0,11.0,54.0,16.0,18.0,29.0,,,,23.0,,,,,,,,,,,1.0,,,,,,,,,,,,,,
118,NeuralXC,,ml-dft,https://github.com/semodi/neuralxc,Implementation of a machine learned density functional.,10,False,,BSD-3-Clause,semodi/neuralxc,https://github.com/semodi/neuralxc,2019-03-14 18:13:40,2022-11-30 11:39:22.000000,2021-07-05 21:36:23,337.0,,8.0,5.0,9.0,5.0,5.0,28.0,,,3.0,,,,,,,,,,,,2.0,,,,,,,,,,,,,,
119,Finetuna,,active-learning,https://github.com/ulissigroup/finetuna,Active Learning for Machine Learning Potentials.,10,True,,MIT,ulissigroup/finetuna,https://github.com/ulissigroup/finetuna,2020-09-22 14:39:52,2023-03-15 18:08:52.000000,2023-02-13 20:10:48,1196.0,,6.0,3.0,37.0,4.0,13.0,24.0,,,,11.0,,,,,,,,,,,1.0,,,,,,,,,,,,,,
120,ACE1.jl,,mlp,https://acesuit.github.io/,Atomic Cluster Expansion for Modelling Invariant Atomic Properties.,10,True,['julia-lang'],https://github.com/ACEsuit/ACE1.jl/blob/main/ASL.md,ACEsuit/ACE1.jl,https://github.com/ACEsuit/ACE1.jl,2022-01-14 19:52:49,2023-07-30 20:19:01.000000,2023-07-30 20:18:57,544.0,25.0,4.0,5.0,28.0,21.0,24.0,18.0,,,,7.0,,,,,,,,,,,3.0,,,,,,,,,,,,,,
121,Rascaline,,representations,https://github.com/Luthaf/rascaline,Computing representations for atomistic machine learning.,10,True,"['rust-lang', 'cpp-lang']",BSD-3-Clause,Luthaf/rascaline,https://github.com/Luthaf/rascaline,2020-09-24 14:28:34,2023-08-14 10:49:44.000000,2023-07-28 13:24:43,425.0,40.0,11.0,6.0,181.0,19.0,15.0,12.0,,,,10.0,,,,,,,,,,,2.0,,,,,,,,,,,,,,
122,NNsforMD,,mlp,https://github.com/aimat-lab/NNsForMD,"Neural network class for molecular dynamics to predict potential energy, forces and non-adiabatic couplings.",10,True,,MIT,aimat-lab/NNsForMD,https://github.com/aimat-lab/NNsForMD,2020-08-31 11:14:18,2022-11-10 13:04:49.000000,2022-11-10 13:04:45,265.0,,3.0,3.0,,,,9.0,2022-04-12 15:10:32,2.0.0,5.0,2.0,pyNNsMD,,,,https://pypi.org/project/pyNNsMD,29.0,29.0,,,,3.0,,,,,,,,,,,,,,
123,ML4pXRDs,,representation-learning,https://github.com/aimat-lab/ML4pXRDs,Contains code to train neural networks based on simulated powder XRDs from synthetic crystals.,10,True,"['xrd', 'single-paper']",MIT,aimat-lab/ML4pXRDs,https://github.com/aimat-lab/ML4pXRDs,2022-12-01 16:24:29,2023-07-14 08:17:06.000000,2023-07-14 08:17:04,1320.0,22.0,1.0,3.0,,,,,2023-03-22 11:04:31,1.0,1.0,,,,,,,,0.0,,,,2.0,,,,,,2.0,,,,,,,,
124,molecularGNN_smiles,,representation-learning,https://github.com/masashitsubaki/molecularGNN_smiles,"The code of a graph neural network (GNN) for molecules, which is based on learning representations of r-radius..",9,False,,Apache-2.0,masashitsubaki/molecularGNN_smiles,https://github.com/masashitsubaki/molecularGNN_smiles,2018-11-06 00:25:26,2020-11-28 02:04:45.000000,2020-11-28 02:04:45,79.0,,68.0,6.0,,6.0,1.0,244.0,,,,,,,,,,,,,,,3.0,,,,,,,,,,,,,,
125,DimeNet,,mlp,https://github.com/gasteigerjo/dimenet,"DimeNet and DimeNet++ models, as proposed in Directional Message Passing for Molecular Graphs (ICLR 2020) and Fast and..",9,True,,https://github.com/gasteigerjo/dimenet/blob/master/LICENSE.md,gasteigerjo/dimenet,https://github.com/gasteigerjo/dimenet,2020-02-14 12:40:15,2023-08-01 19:36:15.000000,2023-08-01 19:36:15,102.0,2.0,51.0,4.0,,1.0,29.0,242.0,,,,2.0,,,,,,,,,,,3.0,,,,,,,,,,,,,,
126,Allegro,,mlp,https://github.com/mir-group/allegro,Allegro is an open-source code for building highly scalable and accurate equivariant deep learning interatomic..,9,True,,MIT,mir-group/allegro,https://github.com/mir-group/allegro,2022-02-06 23:50:40,2023-05-08 21:16:45.000000,2023-05-08 21:16:45,38.0,,30.0,16.0,2.0,6.0,12.0,218.0,,,,2.0,,,,,,,,,,,3.0,,,,,,,,,,,,,,
127,SchNet,,mlp,https://github.com/atomistic-machine-learning/SchNet,SchNet - a deep learning architecture for quantum chemistry.,9,False,,MIT,atomistic-machine-learning/SchNet,https://github.com/atomistic-machine-learning/SchNet,2017-10-03 11:52:20,2018-09-04 08:42:35.000000,2018-09-04 08:42:34,53.0,,57.0,16.0,,1.0,2.0,174.0,,,,3.0,,,,,,,,,,,3.0,,,,,,,,,,,,,,
128,QDF for molecule,,ml-esm,https://github.com/masashitsubaki/QuantumDeepField_molecule,"Quantum deep field: data-driven wave function, electron density generation, and energy prediction and extrapolation..",9,False,,MIT,masashitsubaki/QuantumDeepField_molecule,https://github.com/masashitsubaki/QuantumDeepField_molecule,2020-11-11 01:06:09,2021-02-20 03:46:18.000000,2021-02-20 03:46:09,20.0,,38.0,3.0,,,3.0,167.0,,,,,,,,,,,,,,,1.0,,,,,,,,,,,,,,
129,PiNN,,mlp,https://github.com/Teoroo-CMC/PiNN,A Python library for building atomic neural networks.,9,True,,BSD-3-Clause,Teoroo-CMC/PiNN,https://github.com/Teoroo-CMC/PiNN,2019-10-04 08:13:18,2023-01-23 15:42:53.468770,2023-01-23 15:32:22,113.0,,25.0,6.0,1.0,2.0,4.0,91.0,2019-10-09 09:21:30,0.3.0,1.0,2.0,,,,,,,4.0,,,,3.0,teoroo/pinn,https://hub.docker.com/r/teoroo/pinn,2023-01-23 15:42:53.468770,,211.0,,,,,,,,,
130,GATGNN: Global Attention Graph Neural Network,,representation-learning,https://github.com/superlouis/GATGNN,Pytorch Repository for our work: Graph convolutional neural networks with global attention for improved materials..,9,True,,MIT,superlouis/GATGNN,https://github.com/superlouis/GATGNN,2020-06-21 03:27:36,2022-10-03 21:57:33.000000,2022-10-03 21:57:33,99.0,,18.0,8.0,,3.0,3.0,61.0,2021-04-05 06:49:29,0.2,2.0,3.0,,,,,,,,,,,3.0,,,,,,,,,,,,,,
131,ACE.jl,,mlp,https://github.com/ACEsuit/ACE.jl,Parameterisation of Equivariant Properties of Particle Systems.,9,True,['julia-lang'],https://github.com/ACEsuit/ACE.jl/blob/main/license/mit.md,ACEsuit/ACE.jl,https://github.com/ACEsuit/ACE.jl,2019-11-30 16:22:51,2023-06-09 21:31:30.000000,2023-06-09 21:29:10,912.0,1.0,15.0,8.0,65.0,23.0,58.0,60.0,,,,12.0,,,,,,,,,,,3.0,,,,,,,,,,,,,,
132,GAP,,mlp,https://libatoms.github.io/,Gaussian Approximation Potential (GAP).,9,True,,https://github.com/libAtoms/GAP/blob/main/LICENSE.md,libAtoms/GAP,https://github.com/libAtoms/GAP,2021-03-22 14:48:56,2023-06-08 10:42:38.000000,2023-06-08 10:42:38,199.0,6.0,20.0,10.0,63.0,,,30.0,,,,12.0,,,,,,,,,,,3.0,,,,,,,,,,,,,,
133,ALF,,mlp,https://github.com/lanl/ALF,A framework for performing active learning for training machine-learned interatomic potentials.,9,True,['active-learning'],https://github.com/lanl/ALF/blob/main/LICENSE,lanl/alf,https://github.com/lanl/ALF,2023-01-04 23:13:24,2023-08-10 15:33:18.000000,2023-08-04 15:53:59,139.0,83.0,7.0,6.0,22.0,,,17.0,,,,5.0,,,,,,,,,,,3.0,,,,,,,,,,,,,,
134,iam-notebooks,,educational,https://github.com/ceriottm/iam-notebooks,Jupyter notebooks for the lectures of the Introduction to Atomistic Modeling.,9,True,,Apache-2.0,ceriottm/iam-notebooks,https://github.com/ceriottm/iam-notebooks,2020-11-23 21:27:41,2023-08-07 23:02:34.000000,2023-08-07 23:02:34,228.0,3.0,4.0,4.0,7.0,3.0,,16.0,,,,6.0,,,,,,,,,,,2.0,,,,,,,,,,,,,,
135,CGAT,,representation-learning,https://github.com/hyllios/CGAT,Crystal graph attention neural networks for materials prediction.,9,True,,MIT,hyllios/CGAT,https://github.com/hyllios/CGAT,2021-03-28 09:51:15,2023-07-18 12:04:35.000000,2023-01-10 22:31:07,153.0,,7.0,3.0,1.0,,1.0,12.0,2023-07-18 12:04:35,0.1,1.0,4.0,,,,,,,,,,,3.0,,,,,,,,,,,,,,
136,bVAE-IM,,generative,https://github.com/tsudalab/bVAE-IM,Implementation of Chemical Design with GPU-based Ising Machine.,9,True,"['qml', 'single-paper']",MIT,tsudalab/bVAE-IM,https://github.com/tsudalab/bVAE-IM,2023-03-01 08:26:56,2023-07-11 04:39:24.000000,2023-07-11 04:39:24,39.0,14.0,2.0,8.0,,,,8.0,2023-03-01 14:26:13,1.0.0,1.0,,,,,,,,,,,,3.0,,,,,,,,,,,,,,
137,RDKit Tutorials,,educational,https://github.com/rdkit/rdkit-tutorials,Tutorials to learn how to work with the RDKit.,8,True,,https://github.com/rdkit/rdkit-tutorials/blob/master/LICENSE,rdkit/rdkit-tutorials,https://github.com/rdkit/rdkit-tutorials,2016-10-07 03:34:01,2023-03-19 13:36:55.000000,2023-03-19 13:36:55,68.0,,65.0,16.0,7.0,3.0,1.0,195.0,,,,5.0,,,,,,,,,,,2.0,,,,,,,,,,,,,,
138,GemNet,,mlp,https://github.com/TUM-DAML/gemnet_pytorch,"GemNet model in PyTorch, as proposed in GemNet: Universal Directional Graph Neural Networks for Molecules (NeurIPS..",8,True,,https://github.com/TUM-DAML/gemnet_pytorch/blob/master/LICENSE,TUM-DAML/gemnet_pytorch,https://github.com/TUM-DAML/gemnet_pytorch,2021-10-11 07:30:36,2023-04-26 14:20:12.000000,2023-04-26 14:20:12,36.0,,24.0,4.0,1.0,,13.0,145.0,,,,5.0,,,,,,,,,,,3.0,,,,,,,,,,,,,,
139,G-SchNet,,generative,https://github.com/atomistic-machine-learning/G-SchNet,G-SchNet - a generative model for 3d molecular structures.,8,True,,MIT,atomistic-machine-learning/G-SchNet,https://github.com/atomistic-machine-learning/G-SchNet,2019-10-21 13:48:59,2023-03-24 12:05:41.000000,2023-03-24 12:05:41,64.0,,22.0,6.0,,,10.0,114.0,,,,2.0,,,,,,,,,,,3.0,,,,,,,,,,,,,,
140,ANI-1 Dataset,,datasets,https://github.com/isayev/ANI1_dataset,A data set of 20 million calculated off-equilibrium conformations for organic molecules.,8,True,,MIT,isayev/ANI1_dataset,https://github.com/isayev/ANI1_dataset,2017-08-07 20:08:46,2022-08-08 15:56:17.000000,2022-08-08 15:56:17,25.0,,19.0,12.0,2.0,6.0,3.0,87.0,,,,3.0,,,,,,,,,,,2.0,,,,,,,,,,,,,,
141,MoleculeNet Leaderboard,,datasets,https://github.com/deepchem/moleculenet,,8,False,['benchmarking'],MIT,deepchem/moleculenet,https://github.com/deepchem/moleculenet,2020-02-24 18:14:05,2021-04-29 19:51:06.000000,2021-04-29 19:51:06,78.0,,17.0,5.0,15.0,22.0,5.0,72.0,,,,6.0,,,,,,,,,,,2.0,,,,,,,,,,,,,,
142,matsciml,,representation-learning,https://github.com/IntelLabs/matsciml,Open MatSci ML Toolkit is a single framework for prototyping and scaling out deep learning models for materials..,8,True,['workflows'],MIT,IntelLabs/matsciml,https://github.com/IntelLabs/matsciml,2022-09-13 20:27:28,2023-08-11 01:25:27.000000,2023-07-11 21:56:44,22.0,1.0,8.0,4.0,35.0,4.0,5.0,47.0,,,1.0,5.0,,,,,,,,,,,3.0,,,,,,,,,,,,,,
143,cG-SchNet,,generative,https://github.com/atomistic-machine-learning/cG-SchNet,cG-SchNet - a conditional generative neural network for 3d molecular structures.,8,True,,MIT,atomistic-machine-learning/cG-SchNet,https://github.com/atomistic-machine-learning/cG-SchNet,2021-12-02 15:35:18,2023-03-24 12:09:56.000000,2023-03-24 12:09:56,28.0,,13.0,4.0,,,3.0,43.0,2022-02-21 13:36:41,1.0,1.0,,,,,,,,,,,,3.0,,,,,,,,,,,,,,
144,hippynn,,representation-learning,https://github.com/lanl/hippynn,python library for atomistic machine learning.,8,True,['workflows'],https://github.com/lanl/hippynn/blob/main/LICENSE.txt,lanl/hippynn,https://github.com/lanl/hippynn,2021-11-17 00:45:13,2023-08-05 17:41:55.000000,2023-08-05 17:38:53,101.0,7.0,18.0,6.0,37.0,3.0,1.0,41.0,,,2.0,11.0,,,,,,,,,,,3.0,,,,,,,,,,,,,,
145,DeeperGATGNN,,representation-learning,https://github.com/usccolumbia/deeperGATGNN,Scalable graph neural networks for materials property prediction.,8,True,,MIT,usccolumbia/deeperGATGNN,https://github.com/usccolumbia/deeperGATGNN,2021-09-29 17:31:02,2023-04-19 18:59:51.000000,2023-04-19 18:59:31,24.0,,7.0,3.0,1.0,,7.0,33.0,2022-03-08 02:14:28,1.0,1.0,3.0,,,,,,,,,,,3.0,,,,,,,,,,,,,,
146,SNAP,,mlp,https://github.com/materialsvirtuallab/snap,Repository for spectral neighbor analysis potential (SNAP) model development.,8,False,,BSD-3-Clause,materialsvirtuallab/snap,https://github.com/materialsvirtuallab/snap,2017-06-26 21:56:00,2020-06-30 05:20:37.000000,2020-06-30 05:20:37,38.0,,16.0,10.0,1.0,1.0,3.0,32.0,,,,5.0,,,,,,,,,,,3.0,,,,,,,,,,,,,,
147,Atomistic Adversarial Attacks,,mlp,https://github.com/learningmatter-mit/Atomistic-Adversarial-Attacks,Code for performing adversarial attacks on atomistic systems using NN potentials.,8,True,['probabilistic'],MIT,learningmatter-mit/Atomistic-Adversarial-Attacks,https://github.com/learningmatter-mit/Atomistic-Adversarial-Attacks,2021-03-28 17:39:52,2022-10-03 16:19:31.000000,2022-10-03 16:19:29,33.0,,6.0,5.0,1.0,,1.0,24.0,2021-07-19 18:09:36,1.0.1,1.0,6.0,,,,,,,,,,,3.0,,,,,,,,,,,,,,
148,SIMPLE-NN v2,,mlp,https://github.com/MDIL-SNU/SIMPLE-NN_v2,,8,False,,GPL-3.0,MDIL-SNU/SIMPLE-NN_v2,https://github.com/MDIL-SNU/SIMPLE-NN_v2,2021-03-02 09:36:49,2023-06-28 01:04:43.000000,2023-06-28 01:04:42,495.0,3.0,13.0,5.0,85.0,3.0,7.0,22.0,,,,12.0,,,,,,,,,,,3.0,,,,,,,,,,,,,,
149,AdsorbML,,representation-learning,https://github.com/Open-Catalyst-Project/AdsorbML,,8,True,"['surface-science', 'single-paper']",MIT,Open-Catalyst-Project/AdsorbML,https://github.com/Open-Catalyst-Project/AdsorbML,2022-11-30 01:38:20,2023-07-31 16:28:14.000000,2023-07-31 16:28:09,56.0,18.0,4.0,6.0,10.0,,1.0,18.0,,,,5.0,,,,,,,,,,,3.0,,,,,,,,,,,,,,
150,CBFV,,representations,https://github.com/Kaaiian/CBFV,Tool to quickly create a composition-based feature vector.,8,False,,,kaaiian/CBFV,https://github.com/Kaaiian/CBFV,2019-09-05 23:07:46,2022-03-30 05:47:53.000000,2021-10-24 17:10:17,49.0,,5.0,4.0,7.0,5.0,5.0,13.0,,,,3.0,CBFV,,3.0,3.0,https://pypi.org/project/CBFV,151.0,151.0,,,,2.0,,,,,,,,,,,,,,
151,BenchML,,representation-engineering,https://github.com/capoe/benchml,ML benchmarking and pipeling framework.,8,True,['benchmarking'],Apache-2.0,capoe/benchml,https://github.com/capoe/benchml,2020-04-28 13:26:29,2023-05-24 15:13:06.000000,2023-05-24 15:04:57,341.0,9.0,2.0,5.0,7.0,3.0,10.0,13.0,,,,9.0,benchml,,,,https://pypi.org/project/benchml,24.0,24.0,,,,3.0,,,,,,,,,,,,,,
152,Equisolve,,math,https://github.com/lab-cosmo/equisolve,A package tasked with taking equistore objects and computing machine learning models using them.,8,False,,BSD-3-Clause,lab-cosmo/equisolve,https://github.com/lab-cosmo/equisolve,2022-10-04 15:29:19,2023-08-09 11:37:22.000000,2023-07-10 13:27:31,37.0,10.0,2.0,14.0,37.0,17.0,4.0,4.0,,,,5.0,,,,,,,,,,,3.0,,,,,,,,,,,,,,
153,MAChINE,,educational,https://github.com/aimat-lab/MAChINE,Client-Server Web App to introduce usage of ML in materials science to beginners.,8,False,,MIT,aimat-lab/MAChINE,https://github.com/aimat-lab/MAChINE,2023-04-17 14:29:06,2023-08-08 11:44:48.000000,2023-08-08 11:38:34,984.0,64.0,,,4.0,14.0,16.0,1.0,,,,7.0,,,,,,,,,,,2.0,,,,,,,,,,,,,,
154,"Data Handling, DoE and Statistical Analysis for Material Chemists",,educational,https://github.com/Teoroo-CMC/DoE_Course_Material,"Notebooks for workshops of DoE course, hosted by the Computational Materials Chemistry group at Uppsala University.",8,True,,GPL-3.0,Teoroo-CMC/DoE_Course_Material,https://github.com/Teoroo-CMC/DoE_Course_Material,2023-05-22 08:11:41,2023-06-26 12:48:17.000000,2023-06-26 12:48:15,157.0,157.0,12.0,2.0,1.0,,,,,,,3.0,,,,,,,,,,,2.0,,,,,,,,,,,,,,
155,Equiformer,,representation-learning,https://github.com/atomicarchitects/equiformer,[ICLR23 Spotlight] Equiformer: Equivariant Graph Attention Transformer for 3D Atomistic Graphs.,7,True,,MIT,atomicarchitects/equiformer,https://github.com/atomicarchitects/equiformer,2023-02-28 00:21:30,2023-06-21 08:04:30.000000,2023-06-21 08:03:53,3.0,2.0,21.0,5.0,1.0,4.0,7.0,111.0,,,,2.0,,,,,,,,,,,3.0,,,,,,,,,,,,,,
156,DTNN,,representation-learning,https://github.com/atomistic-machine-learning/dtnn,Deep Tensor Neural Network.,7,False,,MIT,atomistic-machine-learning/dtnn,https://github.com/atomistic-machine-learning/dtnn,2017-03-10 14:40:05,2017-07-11 08:26:15.000000,2017-07-11 08:25:39,9.0,,30.0,15.0,,,3.0,77.0,,,,2.0,,,,,,,,,,,3.0,,,,,,,,,,,,,,
157,AIMNet,,mlp,https://github.com/aiqm/aimnet,Atoms In Molecules Neural Network Potential.,7,False,['single-paper'],MIT,aiqm/aimnet,https://github.com/aiqm/aimnet,2018-09-26 17:28:37,2019-11-21 23:49:01.000000,2019-11-21 23:49:00,7.0,,20.0,10.0,2.0,3.0,,74.0,,,,3.0,,,,,,,,,,,3.0,,,,,,,,,,,,,,
158,JAXChem,,general-tools,https://github.com/deepchem/jaxchem,JAXChem is a JAX-based deep learning library for complex and versatile chemical modeling.,7,False,,MIT,deepchem/jaxchem,https://github.com/deepchem/jaxchem,2020-05-11 18:54:41,2020-07-15 05:02:21.000000,2020-07-15 04:55:41,96.0,,9.0,7.0,13.0,1.0,1.0,74.0,,,,3.0,,,,,,,,,,,3.0,,,,,,,,,,,,,,
159,PhysNet,,mlp,https://github.com/MMunibas/PhysNet,Code for training PhysNet models.,7,False,['electrostatics'],MIT,MMunibas/PhysNet,https://github.com/MMunibas/PhysNet,2019-03-28 09:05:22,2022-10-16 17:45:42.000000,2020-12-07 11:09:20,4.0,,26.0,9.0,1.0,3.0,,73.0,,,,2.0,,,,,,,,,,,3.0,,,,,,,,,,,,,,
160,Cormorant,,representation-learning,https://github.com/risilab/cormorant,Codebase for Cormorant Neural Networks.,7,False,,https://github.com/risilab/cormorant/blob/master/LICENSE,risilab/cormorant,https://github.com/risilab/cormorant,2019-10-27 18:22:07,2022-05-11 12:49:05.000000,2020-03-11 15:25:51,160.0,,10.0,6.0,1.0,3.0,,52.0,,,,2.0,,,,,,,,,,,3.0,,,,,,,,,,,,,,
161,Sketchmap,,unsupervised,https://github.com/lab-cosmo/sketchmap,Suite of programs to perform non-linear dimensionality reduction -- sketch-map in particular.,7,True,,GPL-3.0,lab-cosmo/sketchmap,https://github.com/lab-cosmo/sketchmap,2014-05-20 09:33:32,2023-05-24 22:56:06.000000,2023-05-24 22:47:50,64.0,1.0,10.0,29.0,1.0,3.0,5.0,39.0,,,,8.0,,,,,,,,,,,3.0,,,,,,,,,,,['cpp-lang'],,,
162,uncertainty_benchmarking,,general-tools,https://github.com/ulissigroup/uncertainty_benchmarking,Various code/notebooks to benchmark different ways we could estimate uncertainty in ML predictions.,7,False,"['benchmarking', 'probabilistic']",,ulissigroup/uncertainty_benchmarking,https://github.com/ulissigroup/uncertainty_benchmarking,2019-08-28 19:39:28,2021-06-07 23:29:39.000000,2021-06-07 23:27:19,265.0,,6.0,6.0,1.0,,,34.0,,,,4.0,,,,,,,,,,,3.0,,,,,,,,,,,,,,
163,torchchem,,general-tools,https://github.com/deepchem/torchchem,An experimental repo for experimenting with PyTorch models.,7,False,,MIT,deepchem/torchchem,https://github.com/deepchem/torchchem,2020-03-07 17:06:44,2023-03-24 23:13:19.000000,2020-05-01 20:12:23,49.0,,14.0,8.0,27.0,2.0,1.0,33.0,,,,5.0,,,,,,,,,,,3.0,,,,,,,,,,,,,,
164,MACE-Jax,,mlp,https://github.com/ACEsuit/mace-jax,Equivariant machine learning interatomic potentials in JAX.,7,True,,MIT,ACEsuit/mace-jax,https://github.com/ACEsuit/mace-jax,2023-02-06 12:10:16,2023-07-20 18:07:51.000000,2023-07-20 18:08:42,206.0,8.0,1.0,9.0,1.0,,1.0,32.0,,,,2.0,,,,,,,,,,,3.0,,,,,,,,,,,,,,
165,GElib,,math,https://github.com/risi-kondor/GElib,C++/CUDA library for SO(3) equivariant operations.,7,True,['cpp-lang'],MPL-2.0,risi-kondor/GElib,https://github.com/risi-kondor/GElib,2021-08-24 20:56:40,2023-08-02 00:27:18.000000,2023-07-23 04:10:48,562.0,37.0,2.0,2.0,2.0,3.0,1.0,17.0,,,,3.0,,,,,,,,,,,3.0,,,,,,,,,,,,,,
166,Libnxc,,ml-dft,https://github.com/semodi/libnxc,A library for using machine-learned exchange-correlation functionals for density-functional theory.,7,False,"['cpp-lang', 'fortran-lang']",MPL-2.0,semodi/libnxc/,https://github.com/semodi/libnxc,2020-07-01 18:21:50,2021-09-18 14:53:52.000000,2021-08-14 16:26:32,100.0,,4.0,2.0,3.0,13.0,3.0,13.0,,,2.0,,,,,,,,,,,,2.0,,,,,,,,,,,,,,
167,UVVisML,,representation-learning,https://github.com/learningmatter-mit/uvvisml,Predict optical properties of molecules with machine learning.,7,True,"['optical-properties', 'single-paper', 'probabilistic']",MIT,learningmatter-mit/uvvisml,https://github.com/learningmatter-mit/uvvisml,2021-10-13 05:58:48,2023-05-26 22:35:14.000000,2023-05-26 22:35:14,17.0,1.0,4.0,4.0,1.0,,,11.0,2022-02-06 18:14:14,0.0.2,2.0,,,,,,,,,,,,3.0,,,,,,,,,,,,,,
168,ACEhamiltonians,,ml-dft,https://github.com/ACEsuit/ACEhamiltonians.jl,"Provides tools for constructing, fitting, and predicting self-consistent Hamiltonian and overlap matrices in solid-..",7,True,['julia-lang'],MIT,ACEsuit/ACEhamiltonians.jl,https://github.com/ACEsuit/ACEhamiltonians.jl,2022-01-17 20:54:22,2023-04-12 15:11:09.000000,2023-04-12 15:04:14,33.0,,4.0,3.0,41.0,1.0,3.0,7.0,2022-05-20 17:07:42,arXiv.2111.13736,1.0,4.0,,,,,,,,,,,2.0,,,,,,,,,,,,,,
169,pyLODE,,representations,https://github.com/ceriottm/lode,Pythonic implementation of LOng Distance Equivariants.,7,False,['electrostatics'],Apache-2.0,ceriottm/lode,https://github.com/ceriottm/lode,2022-01-19 17:01:38,2023-07-05 09:57:29.000000,2023-07-05 09:57:14,241.0,3.0,1.0,3.0,,1.0,,2.0,,,,3.0,,,,,,,,,,,3.0,,,,,,,,,,,,,,
170,MEGAN: Multi Explanation Graph Attention Student,,xai,https://github.com/aimat-lab/graph_attention_student,Minimal implementation of graph attention student model architecture.,7,False,,MIT,aimat-lab/graph_attention_student,https://github.com/aimat-lab/graph_attention_student,2022-07-28 06:22:50,2023-08-08 14:03:12.000000,2023-08-08 14:03:07,21.0,10.0,1.0,3.0,1.0,,,1.0,,,,,,,,,,,,,,,3.0,,,,,,,,,,,,,,
171,BestPractices,,educational,https://github.com/anthony-wang/BestPractices,Things that you should (and should not) do in your Materials Informatics research.,6,False,,MIT,anthony-wang/BestPractices,https://github.com/anthony-wang/BestPractices,2020-05-05 19:41:25,2023-03-10 21:27:15.000000,2021-02-18 08:56:47,15.0,,61.0,7.0,7.0,5.0,2.0,131.0,,,,2.0,,,,,,,,,,,3.0,,,,,,,,,,,,,,
172,ANI-1x Datasets,,datasets,https://github.com/aiqm/ANI1x_datasets,"The ANI-1ccx and ANI-1x data sets, coupled-cluster and density functional theory properties for organic molecules.",6,False,,MIT,aiqm/ANI1x_datasets,https://github.com/aiqm/ANI1x_datasets,2019-09-17 18:19:28,2022-04-11 17:25:55.000000,2022-04-11 17:25:55,12.0,,5.0,6.0,,2.0,3.0,46.0,,,,2.0,,,,,,,,,,,2.0,,,,,,,,,,,,,,
173,Applied AI for Materials,,educational,https://github.com/WardLT/applied-ai-for-materials,Course materials for Applied AI for Materials Science and Engineering.,6,False,,,WardLT/applied-ai-for-materials,https://github.com/WardLT/applied-ai-for-materials,2020-10-12 19:39:06,2022-03-12 02:26:58.000000,2022-03-12 02:26:41,107.0,,28.0,4.0,13.0,5.0,,46.0,,,,2.0,,,,,,,,,,,3.0,,,,,,,,,,,,,,
174,DeepDFT,,ml-dft,https://github.com/peterbjorgensen/DeepDFT,Official implementation of DeepDFT model.,6,True,,MIT,peterbjorgensen/DeepDFT,https://github.com/peterbjorgensen/DeepDFT,2020-11-03 11:51:15,2023-02-28 15:37:49.000000,2023-02-28 15:37:37,128.0,,6.0,1.0,,,3.0,35.0,,,,2.0,,,,,,,,,,,3.0,,,,,,,,,,,,,,
175,COMP6 Benchmark dataset,,datasets,https://github.com/isayev/COMP6,COMP6 Benchmark dataset for ML potentials.,6,False,,MIT,isayev/COMP6,https://github.com/isayev/COMP6,2017-12-29 16:58:35,2018-07-09 23:56:35.000000,2018-07-09 23:56:34,27.0,,4.0,5.0,,2.0,1.0,35.0,,,,2.0,,,,,,,,,,,2.0,,,,,,,,,,,,,,
176,milad,,representations,https://github.com/muhrin/milad,Moment Invariants Local Atomic Descriptor.,6,True,['generative'],GPL-3.0,muhrin/milad,https://github.com/muhrin/milad,2020-04-23 09:14:24,2022-12-03 10:40:05.000000,2022-12-03 10:39:59,110.0,,1.0,4.0,,,,27.0,,,,,,,1.0,1.0,,,,,,,3.0,,,,,,,,,,,,,,
177,MACE-Layer,,representation-learning,https://github.com/ACEsuit/mace-layer,Higher order equivariant graph neural networks for 3D point clouds.,6,True,,MIT,ACEsuit/mace-layer,https://github.com/ACEsuit/mace-layer,2022-11-09 17:03:41,2023-06-27 15:32:49.000000,2023-06-06 10:09:58,19.0,1.0,3.0,6.0,2.0,1.0,,24.0,,,,2.0,,,,,,,,,,,3.0,,,,,,,,,,,,,,
178,graphite,,representation-learning,https://github.com/LLNL/graphite,A repository for implementing graph network models based on atomic structures.,6,True,,MIT,llnl/graphite,https://github.com/LLNL/graphite,2022-06-27 19:15:27,2023-08-14 11:33:56.000000,2023-08-10 21:59:56,15.0,7.0,5.0,6.0,4.0,1.0,,20.0,,,,2.0,,,,,,,,,,,3.0,,,,,,,,,,,,,,
179,PACE,,md,https://github.com/ICAMS/lammps-user-pace,"The LAMMPS MLP `pair_style pace`, aka Atomic Cluster Expansion (ACE), aka ML-PACE,..",6,True,,https://github.com/ICAMS/lammps-user-pace/blob/main/LICENSE,ICAMS/lammps-user-pace,https://github.com/ICAMS/lammps-user-pace,2021-02-25 10:04:48,2023-05-25 22:16:12.000000,2023-01-31 19:53:46,46.0,,10.0,5.0,11.0,1.0,5.0,19.0,,,1.0,6.0,,,,,,,,,,,3.0,,,,,,,,,,,,,,
180,BOSS,,materials-discovery,https://gitlab.com/cest-group/boss,Bayesian Optimization Structure Search (BOSS).,6,False,['probabilistic'],,,,2020-02-12 08:48:33,2020-02-12 08:48:33.000000,,,,9.0,,,5.0,20.0,18.0,,,13.0,,aalto-boss,,,,https://pypi.org/project/aalto-boss,307.0,307.0,,,,2.0,,,,,,,,,,,,cest-group/boss,https://gitlab.com/cest-group/boss,
181,GLAMOUR,,representation-learning,https://github.com/learningmatter-mit/GLAMOUR,Graph Learning over Macromolecule Representations.,6,True,['single-paper'],MIT,learningmatter-mit/GLAMOUR,https://github.com/learningmatter-mit/GLAMOUR,2021-08-20 18:16:40,2022-12-31 17:56:21.000000,2022-12-31 17:56:21,14.0,,5.0,3.0,,,8.0,18.0,2021-08-23 18:58:52,0.1,1.0,,,,,,,,,,,,3.0,,,,,,,,,,,,,,
182,SA-GPR,,representation-engineering,https://github.com/dilkins/TENSOAP,Public repository for symmetry-adapted Gaussian Process Regression (SA-GPR).,6,True,['c-lang'],LGPL-3.0,dilkins/TENSOAP,https://github.com/dilkins/TENSOAP,2020-05-04 14:19:01,2023-04-07 09:58:08.000000,2022-09-29 09:30:45,25.0,,9.0,3.0,10.0,2.0,5.0,14.0,2020-12-17 16:51:47,2020.0,1.0,5.0,,,,,,,,,,,3.0,,,,,,,,,,,,,,
183,SALTED,,ml-dft,https://github.com/andreagrisafi/SALTED,Program for doing symmetry-adapted learning of three-dimensional electron densities.,6,True,,GPL-3.0,andreagrisafi/SALTED,https://github.com/andreagrisafi/SALTED,2020-01-22 10:24:29,2023-07-20 16:52:59.000000,2023-06-29 13:34:18,141.0,2.0,2.0,1.0,4.0,,,11.0,2023-04-10 16:25:44,2.0.0,1.0,6.0,,,,,,,,,,,3.0,,,,,,,,,,,,,,
184,testing-framework,,mlp,https://github.com/libAtoms/testing-framework,The purpose of this repository is to aid the testing of a large number of interatomic potentials for a variety of..,6,False,['benchmarking'],,libAtoms/testing-framework,https://github.com/libAtoms/testing-framework,2020-03-04 11:43:15,2022-02-10 17:23:46.000000,2022-02-10 17:23:46,225.0,,6.0,16.0,10.0,5.0,3.0,11.0,,,,11.0,,,,,,,,,,,3.0,,,,,,,,,,,,,,
185,NICE,,representations,https://github.com/lab-cosmo/nice,NICE (N-body Iteratively Contracted Equivariants) is a set of tools designed for the calculation of invariant and..,6,True,,MIT,lab-cosmo/nice,https://github.com/lab-cosmo/nice,2020-07-03 08:47:41,2023-05-01 09:22:21.000000,2023-05-01 09:21:56,231.0,,2.0,6.0,7.0,2.0,1.0,10.0,,,1.0,4.0,,,,,,,,,,,3.0,,,,,,,,,,,,,,
186,CatGym,,reinforcement-learning,https://github.com/ulissigroup/catgym,Surface segregation using Deep Reinforcement Learning.,6,False,,GPL,ulissigroup/catgym,https://github.com/ulissigroup/catgym,2019-08-06 19:25:27,2021-08-30 17:05:36.000000,2021-08-30 17:05:32,162.0,,2.0,4.0,,1.0,,10.0,,,,7.0,,,,,,,,,,,3.0,,,,,,,,,,,,,,
187,fplib,,representations,https://github.com/zhuligs/fplib,a fingerprint library.,6,False,"['c-lang', 'single-paper']",MIT,zhuligs/fplib,https://github.com/zhuligs/fplib,2015-09-07 08:18:27,2022-02-09 05:31:21.000000,2022-02-09 05:31:12,37.0,,2.0,3.0,,,3.0,7.0,2021-02-03 21:40:23,pub,1.0,,,,,,,,,,,,3.0,,,,,,,,,,,,,,
188,SOAPxx,,representations,https://github.com/capoe/soapxx,A SOAP implementation.,6,False,['cpp-lang'],GPL-2.0,capoe/soapxx,https://github.com/capoe/soapxx,2016-03-29 10:00:00,2020-03-27 13:47:44.000000,2020-03-27 13:47:36,289.0,,3.0,3.0,1.0,,2.0,7.0,,,,4.0,,,,,,,,,,,3.0,,,,,,,,,,,,,,
189,COSMO Toolbox,,math,https://github.com/lab-cosmo/toolbox,Assorted libraries and utilities for atomistic simulation analysis.,6,True,['cpp-lang'],,lab-cosmo/toolbox,https://github.com/lab-cosmo/toolbox,2014-05-20 11:23:13,2023-06-23 15:07:59.000000,2023-06-23 15:07:29,106.0,1.0,5.0,26.0,1.0,,,6.0,,,,9.0,,,,,,,,,,,3.0,,,,,,,,,,,,,,
190,PANNA,,mlp,https://gitlab.com/PANNAdevs/panna,A package to train and validate all-to-all connected network models for BP[1] and modified-BP[2] type local atomic..,6,False,['benchmarking'],MIT,,,2018-11-09 10:47:48,2018-11-09 10:47:48.000000,,,,10.0,,,,,5.0,,,2.0,,,,,,,,,,,,3.0,,,,,,,,,,,,PANNAdevs/panna,https://gitlab.com/PANNAdevs/panna,
191,COSMO Software Cookbook,,educational,https://github.com/lab-cosmo/software-cookbook,The COSMO cookbook contains recipes for atomic-scale modelling for materials and molecules.,6,False,,BSD-3-Clause,lab-cosmo/software-cookbook,https://github.com/lab-cosmo/software-cookbook,2023-05-23 10:33:47,2023-07-13 06:15:45.000000,2023-07-12 12:10:24,23.0,23.0,1.0,13.0,22.0,3.0,,2.0,,,,5.0,,,,,,,,,,,3.0,,,,,,,,,,,,,,
192,Computational Autonomy for Materials Discovery (CAMD),,materials-discovery,https://github.com/ulissigroup/CAMD,Agent-based sequential learning software for materials discovery.,6,False,,Apache-2.0,ulissigroup/CAMD,https://github.com/ulissigroup/CAMD,2023-01-10 19:42:57,2023-01-10 19:49:35.000000,2023-01-10 19:49:13,1336.0,,,1.0,,,,1.0,,,,17.0,,,,,,,,,,,2.0,,,,,,,,,,,,,,
193,GEOM,,datasets,https://github.com/learningmatter-mit/geom,GEOM: Energy-annotated molecular conformations.,5,False,['drug-discovery'],,learningmatter-mit/geom,https://github.com/learningmatter-mit/geom,2020-06-03 17:58:37,2022-04-24 18:57:39.000000,2022-04-24 18:57:39,95.0,,16.0,9.0,,1.0,9.0,127.0,,,,2.0,,,,,,,,,,,3.0,,,,,,,,,,,,,,
194,AI4Science101,,educational,https://github.com/deepmodeling/AI4Science101,AI for Science.,5,True,,,deepmodeling/AI4Science101,https://github.com/deepmodeling/AI4Science101,2022-06-19 02:26:48,2022-09-04 02:06:18.000000,2022-09-04 02:06:18,139.0,,11.0,10.0,28.0,,1.0,68.0,,,,5.0,,,,,,,,,,,3.0,,,,,,,,,,,,,,
195,SchNOrb,,ml-wft,https://github.com/atomistic-machine-learning/SchNOrb,Unifying machine learning and quantum chemistry with a deep neural network for molecular wavefunctions.,5,False,,MIT,atomistic-machine-learning/SchNOrb,https://github.com/atomistic-machine-learning/SchNOrb,2019-09-17 12:41:48,2019-09-17 14:31:47.000000,2019-09-17 14:31:19,2.0,,16.0,5.0,,1.0,,53.0,,,,2.0,,,,,,,,,,,3.0,,,,,,,,,,,,,,
196,Machine Learning for Materials Hard and Soft,,educational,https://github.com/CompPhysVienna/MLSummerSchoolVienna2022,ESI-DCAFM-TACO-VDSP Summer School on Machine Learning for Materials Hard and Soft.,5,False,,,CompPhysVienna/MLSummerSchoolVienna2022,https://github.com/CompPhysVienna/MLSummerSchoolVienna2022,2022-07-01 08:42:41,2022-07-22 08:10:24.000000,2022-07-22 08:10:24,49.0,,16.0,1.0,14.0,,,30.0,,,,11.0,,,,,,,,,,,3.0,,,,,,,,,,,,,,
197,Autobahn,,representation-learning,https://github.com/risilab/Autobahn,Repository for Autobahn: Automorphism Based Graph Neural Networks.,5,False,,MIT,risilab/Autobahn,https://github.com/risilab/Autobahn,2021-03-02 01:14:40,2022-03-01 21:04:09.000000,2022-03-01 21:04:04,11.0,,2.0,5.0,,,,26.0,,,,2.0,,,,,,,,,,,3.0,,,,,,,,,,,,,,
198,DeepH-E3,,ml-dft,https://github.com/Xiaoxun-Gong/DeepH-E3,General framework for E(3)-equivariant neural network representation of density functional theory Hamiltonian.,5,True,['magnetism'],MIT,Xiaoxun-Gong/DeepH-E3,https://github.com/Xiaoxun-Gong/DeepH-E3,2023-03-16 11:25:58,2023-04-04 13:27:01.000000,2023-04-04 13:26:27,16.0,,7.0,3.0,,1.0,5.0,25.0,,,,2.0,,,,,,,,,,,3.0,,,,,,,,,,,,,,
199,charge_transfer_nnp,,representation-learning,https://github.com/pfnet-research/charge_transfer_nnp,Graph neural network potential with charge transfer.,5,False,['electrostatics'],MIT,pfnet-research/charge_transfer_nnp,https://github.com/pfnet-research/charge_transfer_nnp,2022-04-06 01:48:18,2022-04-06 01:53:35.000000,2022-04-06 01:53:22,1.0,,4.0,12.0,,,,20.0,,,,,,,,,,,,,,,3.0,,,,,,,,,,,,,,
200,SCFNN,,representation-learning,https://github.com/andy90/SCFNN,Self-consistent determination of long-range electrostatics in neural network potentials.,5,False,"['cpp-lang', 'electrostatics', 'single-paper']",MIT,andy90/SCFNN,https://github.com/andy90/SCFNN,2021-09-22 12:02:00,2022-01-30 02:29:03.000000,2022-01-24 09:40:40,10.0,,8.0,2.0,,,,13.0,2022-01-30 02:29:04,1.0.0,1.0,2.0,,,,,,,,,,,3.0,,,,,,,,,,,,,,
201,rxngenerator,,generative,https://github.com/tsudalab/rxngenerator,A generative model for molecular generation via multi-step chemical reactions.,5,True,,MIT,tsudalab/rxngenerator,https://github.com/tsudalab/rxngenerator,2021-06-18 07:44:53,2022-08-09 07:21:44.000000,2022-08-09 07:21:05,16.0,,2.0,9.0,2.0,1.0,,11.0,,,,,,,,,,,,,,,3.0,,,,,,,,,,,,,,
202,AGOX,,materials-discovery,https://gitlab.com/agox/agox,AGOX is a package for global optimization of atomic system using e.g. the energy calculated from density functional..,5,False,['structure-optimization'],GPL-3.0,,,2022-03-08 09:08:13,2022-03-08 09:08:13.000000,,,,3.0,,,7.0,5.0,10.0,,,2.0,,agox,,,,https://pypi.org/project/agox,19.0,19.0,,,,3.0,,,,,,,,,,,,agox/agox,https://gitlab.com/agox/agox,
203,FieldSchNet,,representation-learning,https://github.com/atomistic-machine-learning/field_schnet,,5,False,,MIT,atomistic-machine-learning/field_schnet,https://github.com/atomistic-machine-learning/field_schnet,2020-11-18 10:26:59,2022-05-19 09:28:38.000000,2022-05-19 09:28:38,26.0,,3.0,3.0,1.0,1.0,,9.0,,,,2.0,,,,,,,,,,,3.0,,,,,,,,,,,,,,
204,3DSC Database,,datasets,https://github.com/aimat-lab/3DSC,Repo for the paper publishing the superconductor database with 3D crystal structures.,5,True,"['superconductors', 'materials-discovery']",https://github.com/aimat-lab/3DSC/blob/main/LICENSE.md,aimat-lab/3DSC,https://github.com/aimat-lab/3DSC,2021-11-02 09:07:57,2023-07-21 09:28:43.000000,2023-07-21 09:26:12,52.0,6.0,2.0,2.0,,,,6.0,,,,,,,,,,,,,,,3.0,,,,,,,,,,,,,,
205,Alchemical learning,,mlp,https://github.com/Luthaf/alchemical-learning,Code for the Modeling high-entropy transition metal alloys with alchemical compression article.,5,False,,BSD-3-Clause,Luthaf/alchemical-learning,https://github.com/Luthaf/alchemical-learning,2021-12-02 17:02:00,2023-04-24 18:35:45.000000,2023-04-07 10:19:10,120.0,,1.0,6.0,1.0,,4.0,2.0,,,,10.0,,,,,,,,,,,3.0,,,,,,,,,,,,,,
206,BERT-PSIE-TC,,nlp,https://github.com/StefanoSanvitoGroup/BERT-PSIE-TC,A dataset of Curie temperatures automatically extracted from scientific literature with the use of the BERT-PSIE..,5,False,['magnetism'],MIT,StefanoSanvitoGroup/BERT-PSIE-TC,https://github.com/StefanoSanvitoGroup/BERT-PSIE-TC,2023-01-25 10:27:26,2023-06-23 16:44:36.000000,2023-06-23 16:44:36,33.0,10.0,2.0,1.0,,,,2.0,,,,2.0,,,,,,,,,,,3.0,,,,,,,,,,,,,,
207,COSMO tools,,others,https://github.com/lab-cosmo/cosmo-tools,"Scripts, jupyter nbs, and general helpful stuff from COSMO by COSMO.",5,False,,,lab-cosmo/cosmo-tools,https://github.com/lab-cosmo/cosmo-tools,2018-11-06 09:40:00,2022-11-25 11:19:48.000000,2022-11-25 11:19:29,59.0,,3.0,22.0,,,,1.0,,,,4.0,,,,,,,,,,,1.0,,,,,,,,,,,,,,True
208,Per-Site CGCNN,,representation-learning,https://github.com/learningmatter-mit/per-site_cgcnn,Crystal graph convolutional neural networks for predicting material properties.,5,False,"['pre-trained', 'single-paper']",MIT,learningmatter-mit/per-site_cgcnn,https://github.com/learningmatter-mit/per-site_cgcnn,2023-05-30 18:59:03,2023-06-05 17:38:46.000000,2023-06-05 17:38:41,28.0,3.0,,,,,,1.0,,,,4.0,,,,,,,,,,,3.0,,,,,,,,,,,,,,
209,linear-regression-benchmarks,,datasets,https://github.com/BingqingCheng/linear-regression-benchmarks,Data sets used for linear regression benchmarks.,5,False,"['benchmarking', 'single-paper']",MIT,BingqingCheng/linear-regression-benchmarks,https://github.com/BingqingCheng/linear-regression-benchmarks,2020-04-16 20:48:28,2022-01-26 08:29:46.000000,2022-01-26 08:29:46,24.0,,,3.0,2.0,,,1.0,,,,3.0,,,,,,,,,,,3.0,,,,,,,,,,,,,,
210,Wigner Kernels,,math,https://github.com/lab-cosmo/wigner_kernels,Collection of programs to benchmark Wigner kernels.,5,True,['benchmarking'],,lab-cosmo/wigner_kernels,https://github.com/lab-cosmo/wigner_kernels,2022-12-08 12:28:26,2023-07-08 15:48:41.000000,2023-07-08 15:48:37,109.0,11.0,,1.0,,,,,,,,5.0,,,,,,,,,,,3.0,,,,,,,,,,,,,,
211,Visual Graph Datasets,,datasets,https://github.com/aimat-lab/visual_graph_datasets,Datasets for the training of graph neural networks (GNNs) and subsequent visualization of attributional explanations..,5,True,,MIT,aimat-lab/visual_graph_datasets,https://github.com/aimat-lab/visual_graph_datasets,2023-06-01 11:33:18,2023-06-12 15:19:12.000000,2023-06-12 15:19:08,4.0,4.0,1.0,3.0,,,,,,,,,,,,,,,,,,,3.0,,,,,,,,,,,,,,
212,Per-site PAiNN,,representation-learning,https://github.com/learningmatter-mit/per-site_painn,Fork of PaiNN for PerovskiteOrderingGCNNs.,5,True,"['probabilistic', 'pre-trained', 'single-paper']",MIT,learningmatter-mit/per-site_painn,https://github.com/learningmatter-mit/per-site_painn,2023-06-04 14:23:49,2023-06-05 17:35:19.000000,2023-06-05 17:30:34,123.0,1.0,,,,,,,,,,10.0,,,,,,,,,,,3.0,,,,,,,,,,,,,,
213,ML-in-chemistry-101,,educational,https://github.com/BingqingCheng/ML-in-chemistry-101,The course materials for Machine Learning in Chemistry 101.,4,False,,,BingqingCheng/ML-in-chemistry-101,https://github.com/BingqingCheng/ML-in-chemistry-101,2020-02-09 17:47:07,2020-10-19 08:10:31.000000,2020-10-19 08:10:30,13.0,,14.0,2.0,,,,54.0,,,,,,,,,,,,,,,3.0,,,,,,,,,,,,,,
214,Graph Transport Network,,representation-learning,https://github.com/gasteigerjo/gtn,"Graph transport network (GTN), as proposed in Scalable Optimal Transport in High Dimensions for Graph Distances,..",4,False,['transport-phenomena'],https://github.com/gasteigerjo/gtn/blob/main/LICENSE.md,gasteigerjo/gtn,https://github.com/gasteigerjo/gtn,2021-07-11 23:36:22,2023-04-26 14:22:00.000000,2023-04-26 14:22:00,9.0,,3.0,2.0,,,,14.0,,,,,,,,,,,,,,,3.0,,,,,,,,,,,,,,
215,ACEHAL,,active-learning,https://github.com/ACEsuit/ACEHAL,Hyperactive Learning (HAL) Python interface for building Atomic Cluster Expansion potentials.,4,False,['julia-lang'],,ACEsuit/ACEHAL,https://github.com/ACEsuit/ACEHAL,2023-02-24 17:33:47,2023-05-09 09:37:27.000000,2023-05-09 09:37:26,107.0,,2.0,6.0,13.0,3.0,5.0,7.0,,,,3.0,,,,,,,,,,,3.0,,,,,,,,,,,,,,
216,TensorPotential,,mlp,https://cortner.github.io/ACEweb/software/,"Tensorpotential is a TensorFlow based tool for development, fitting ML interatomic potentials from electronic..",4,False,,https://github.com/ICAMS/TensorPotential/blob/main/LICENSE.md,ICAMS/TensorPotential,https://github.com/ICAMS/TensorPotential,2021-12-08 12:10:04,2023-07-10 16:37:18.000000,2023-07-10 16:37:18,18.0,1.0,4.0,2.0,2.0,,,5.0,,,,4.0,,,,,,,,,,,3.0,,,,,,,,,,,,,,
217,chemrev-gpr,,educational,https://github.com/gabor1/chemrev-gpr,Notebooks accompanying the paper on GPR in materials and molecules in Chemical Reviews 2020.,4,False,,,gabor1/chemrev-gpr,https://github.com/gabor1/chemrev-gpr,2020-12-18 23:48:06,2021-05-04 19:21:34.000000,2021-05-04 19:21:30,10.0,,4.0,4.0,,,,5.0,,,,4.0,,,,,,,,,,,3.0,,,,,,,,,,,,,,
218,MolSLEPA,,generative,https://github.com/tsudalab/MolSLEPA,Interpretable Fragment-based Molecule Design with Self-learning Entropic Population Annealing.,4,False,['xai'],MIT,tsudalab/MolSLEPA,https://github.com/tsudalab/MolSLEPA,2023-04-10 15:04:55,2023-04-13 12:48:49.000000,2023-04-13 12:48:49,11.0,,,8.0,2.0,,,3.0,,,,,,,,,,,,,,,3.0,,,,,,,,,,,,,,
219,ACEatoms,,general-tools,https://github.com/ACEsuit/ACEatoms.jl,Generic code for modelling atomic properties using ACE.,4,False,['julia-lang'],https://github.com/ACEsuit/ACEatoms.jl/blob/main/ASL.md,ACEsuit/ACEatoms.jl,https://github.com/ACEsuit/ACEatoms.jl,2021-03-23 23:50:03,2023-01-13 21:35:06.000000,2023-01-13 21:28:08,134.0,,1.0,3.0,14.0,4.0,3.0,2.0,,,,10.0,,,,,,,,,,,3.0,,,,,,,,,,,,,,
220,magnetism-prediction,,representation-engineering,https://github.com/dppant/magnetism-prediction,DFT-aided Machine Learning Search for Magnetism in Fe-based Bimetallic Chalcogenides.,4,False,"['magnetism', 'single-paper']",Apache-2.0,dppant/magnetism-prediction,https://github.com/dppant/magnetism-prediction,2022-09-13 03:58:10,2023-07-19 13:25:49.000000,2023-07-19 13:25:49,46.0,2.0,,3.0,,,,1.0,,,,2.0,,,,,,,,,,,3.0,,,,,,,,,,,,,,
221,cnine,,math,https://github.com/risi-kondor/cnine,Cnine tensor library.,4,False,['cpp-lang'],,risi-kondor/cnine,https://github.com/risi-kondor/cnine,2022-10-07 20:54:54,2023-08-08 03:24:15.000000,2023-08-08 03:24:14,180.0,31.0,1.0,1.0,1.0,,,1.0,,,,2.0,,,,,,,,,,,3.0,,,,,,,,,,https://risi-kondor.github.io/cnine/,,,,
222,MALADA,,ml-dft,https://github.com/mala-project/malada,MALA Data Acquisition: Helpful tools to build data for MALA.,4,False,,BSD-3-Clause,mala-project/malada,https://github.com/mala-project/malada,2021-07-26 05:46:08,2023-05-24 09:18:24.000000,2023-05-24 09:18:24,111.0,15.0,1.0,2.0,4.0,17.0,2.0,,,,,2.0,,,,,,,,,,,3.0,,,,,,,,,,,,,,
223,MLatom,,general-tools,http://mlatom.com/,Machine learning for atomistic simulations.,4,False,,https://creativecommons.org/licenses/by-nc-nd/4.0/,,,,,,,,,,,,,,,,,,MLatom,,,,https://pypi.org/project/MLatom,158.0,158.0,,,,3.0,,,,,,,,,,http://mlatom.com/manual/,,,,
224,gprep,,ml-dft,https://gitlab.com/jmargraf/gprep,Fitting DFTB repulsive potentials with GPR.,4,False,['single-paper'],MIT,,,2019-09-30 09:15:04,2019-09-30 09:15:04.000000,,,,0.0,,,,,,,,0.0,,,,,,,,,,,,3.0,,,,,,,,,,,,jmargraf/gprep,https://gitlab.com/jmargraf/gprep,
225,CSNN,,ml-dft,https://github.com/foxjas/CSNN,Primary codebase of CSNN - Concentric Spherical Neural Network for 3D Representation Learning.,4,False,,BSD-3-Clause,foxjas/CSNN,https://github.com/foxjas/CSNN,2022-05-19 15:40:49,2022-10-11 04:27:40.000000,2022-10-11 04:27:40,6.0,,,1.0,,,,,,,,3.0,,,,,,,,,,,3.0,,,,,,,,,,,,,,
226,Coarse-Graining-Auto-encoders,,unsupervised,https://github.com/learningmatter-mit/Coarse-Graining-Auto-encoders,,3,False,['single-paper'],,learningmatter-mit/Coarse-Graining-Auto-encoders,https://github.com/learningmatter-mit/Coarse-Graining-Auto-encoders,2019-09-16 15:27:57,2019-08-16 21:39:34.000000,2019-08-16 21:39:33,14.0,,7.0,6.0,,,,19.0,,,,,,,,,,,,,,,3.0,,,,,,,,,,,,,,
227,ML-DFT,,ml-dft,https://github.com/MihailBogojeski/ml-dft,A package for density functional approximation using machine learning.,3,False,,MIT,MihailBogojeski/ml-dft,https://github.com/MihailBogojeski/ml-dft,2020-09-14 22:15:56,2020-09-18 16:36:30.000000,2020-09-18 16:36:30,9.0,,6.0,2.0,,1.0,1.0,16.0,,,,2.0,,,,,,,,,,,3.0,,,,,,,,,,,,,,
228,CSPML (crystal structure prediction with machine learning-based element substitution),,materials-discovery,https://github.com/Minoru938/CSPML,Original implementation of CSPML.,3,False,['structure-prediction'],,minoru938/cspml,https://github.com/Minoru938/CSPML,2022-01-15 10:59:27,2022-06-02 23:26:26.000000,2022-06-02 23:26:26,7.0,,7.0,2.0,,1.0,,12.0,,,,,,,,,,,,,,,3.0,,,,,,,,,,,,,,
229,glp,,mlp,https://github.com/sirmarcel/glp,tools for graph-based machine-learning potentials in jax.,3,False,,MIT,sirmarcel/glp,https://github.com/sirmarcel/glp,2023-03-27 15:19:40,2023-08-07 14:41:10.000000,2023-08-07 14:41:05,10.0,2.0,,1.0,2.0,,,10.0,,,,,,,,,,,,,,,3.0,,,,,,,,,,,,,,
230,SPINNER,,materials-discovery,https://github.com/MDIL-SNU/SPINNER,SPINNER (Structure Prediction of Inorganic crystals using Neural Network potentials with Evolutionary and Random..,3,False,"['cpp-lang', 'structure-prediction']",GPL-3.0,MDIL-SNU/SPINNER,https://github.com/MDIL-SNU/SPINNER,2021-07-15 02:10:58,2021-11-25 07:58:15.000000,2021-11-25 07:58:15,102.0,,2.0,1.0,,1.0,,9.0,,,,2.0,,,,,,,,,,,3.0,,,,,,,,,,,,,,
231,charge-density-models,,ml-dft,https://github.com/ulissigroup/charge-density-models,Tools to build charge density models using ocpmodels.,3,False,,MIT,ulissigroup/charge-density-models,https://github.com/ulissigroup/charge-density-models,2022-06-22 13:47:53,2023-07-28 17:17:13.000000,2023-05-18 18:37:07,94.0,1.0,1.0,2.0,14.0,,1.0,2.0,,,,,,,,,,,,,,,3.0,,,,,,,,,,,,,,
232,e3psi,,ml-esm,https://github.com/muhrin/e3psi,Equivariant machine learning library for learning from electronic structures.,3,False,,LGPL-3.0,muhrin/e3psi,https://github.com/muhrin/e3psi,2022-08-08 10:48:30,2023-08-09 17:04:49.000000,2023-04-10 17:04:33,14.0,,,2.0,,,,2.0,,,,,,,,,,,,,,,3.0,,,,,,,,,,,,,,
233,atom_by_atom,,representation-learning,https://github.com/learningmatter-mit/atom_by_atom,Atom-by-atom design of metal oxide catalysts for the oxygen evolution reaction with Machine Learning.,3,False,"['surface-science', 'single-paper']",,learningmatter-mit/atom_by_atom,https://github.com/learningmatter-mit/atom_by_atom,2023-05-30 20:18:00,2023-06-28 20:39:26.000000,2023-06-28 20:39:13,64.0,64.0,,2.0,,,,2.0,,,,2.0,,,,,,,,,,,3.0,,,,,,,,,,,,,,
234,SISSO++,,representations,https://gitlab.com/sissopp_developers/sissopp,C++ Implementation of SISSO with python bindings.,3,False,['cpp-lang'],Apache-2.0,,,2021-04-30 14:20:59,2021-04-30 14:20:59.000000,,,,2.0,,,,10.0,1.0,,,1.0,,,,,,,,,,,,3.0,,,,,,,,,,,,sissopp_developers/sissopp,https://gitlab.com/sissopp_developers/sissopp,
235,Magpie,,general-tools,https://bitbucket.org/wolverton/magpie/,Materials Agnostic Platform for Informatics and Exploration (Magpie).,3,False,['java-lang'],MIT,,,,,,,,,,,,,,,,,,,,,,,,,,,,3.0,,,,,,,,,,,,,,
236,xDeepH,,ml-dft,https://github.com/mzjb/xDeepH,Extended DeepH (xDeepH) method for magnetic materials.,2,False,"['magnetism', 'julia-lang']",LGPL-3.0,mzjb/xDeepH,https://github.com/mzjb/xDeepH,2023-02-23 12:56:49,2023-06-14 11:44:53.000000,2023-06-14 11:44:46,4.0,1.0,,1.0,,,,15.0,,,,2.0,,,,,,,,,,,3.0,,,,,,,,,,,,,,
237,MLIP-3,,mlp,https://gitlab.com/ashapeev/mlip-3,MLIP-3: Active learning on atomic environments with Moment Tensor Potentials (MTP).,2,False,['cpp-lang'],BSD-2-Clause,,,2023-04-24 14:05:53,2023-04-24 14:05:53.000000,,,,1.0,,,8.0,1.0,10.0,,,0.0,,,,,,,,,,,,3.0,,,,,,,,,,,,ashapeev/mlip-3,https://gitlab.com/ashapeev/mlip-3,
238,SingleNN,,mlp,https://github.com/lmj1029123/SingleNN,An efficient package for training and executing neural-network interatomic potentials.,2,False,['cpp-lang'],,lmj1029123/SingleNN,https://github.com/lmj1029123/SingleNN,2020-03-11 18:36:16,2021-11-09 00:40:18.000000,2021-11-09 00:40:10,17.0,,1.0,1.0,,1.0,,5.0,,,,4.0,,,,,,,,,,,3.0,,,,,,,,,,,,,,
239,MLDensity_tutorial,,educational,https://github.com/bfocassio/MLDensity_tutorial,Tutorial files to work with ML for the charge density in molecules and solids.,2,False,,,bfocassio/MLDensity_tutorial,https://github.com/bfocassio/MLDensity_tutorial,2023-01-31 10:33:23,2023-02-22 19:20:32.000000,2023-02-22 19:20:32,8.0,,1.0,1.0,,,,4.0,,,,,,,,,,,,,,,3.0,,,,,,,,,,,,,,
240,interface-lammps-mlip-3,,md,https://gitlab.com/ivannovikov/interface-lammps-mlip-3,An interface between LAMMPS and MLIP (version 3).,2,False,,GPL-2.0,,,2023-04-24 12:48:51,2023-04-24 12:48:51.000000,,,,1.0,,,,,3.0,,,0.0,,,,,,,,,,,,3.0,,,,,,,,,,,,ivannovikov/interface-lammps-mlip-3,https://gitlab.com/ivannovikov/interface-lammps-mlip-3,
241,quantum-structure-ml,,general-tools,https://github.com/hgheiberger/quantum-structure-ml,Multi-class classification model for predicting the magnetic order of magnetic structures and a binary classification..,2,False,"['magnetism', 'benchmarking']",,hgheiberger/quantum-structure-ml,https://github.com/hgheiberger/quantum-structure-ml,2020-10-05 01:11:01,2022-12-22 21:45:40.000000,2022-12-22 21:45:40,19.0,,,2.0,,,,1.0,2022-08-18 05:25:24,1.0.0,1.0,4.0,,,,,,,,,,,3.0,,,,,,,,,,,,,,
242,ACE Workflows,,mlp,https://github.com/ACEsuit/ACEworkflows,Workflow Examples for ACE Models.,2,False,"['julia-lang', 'workflows']",,ACEsuit/ACEworkflows,https://github.com/ACEsuit/ACEworkflows,2023-04-04 16:57:36,2023-06-12 22:53:18.000000,2023-05-17 16:21:43,15.0,6.0,,3.0,5.0,,,,,,,2.0,,,,,,,,,,,3.0,,,,,,,,,,,,,,
243,AMP,,representations,https://bitbucket.org/andrewpeterson/amp/,Amp is an open-source package designed to easily bring machine-learning to atomistic calculations.,2,False,,,,,,,,,,,,,,,,,,,,amp-atomistics,,,,https://pypi.org/project/amp-atomistics,65.0,65.0,,,,3.0,,,,,,,,,,https://amp.readthedocs.io/,,,,
244,q-pac,,ml-esm,,,2,False,['electrostatics'],MIT,,,,,,,,,,,,,,,,,,,,,,,,,,,,3.0,,,,,,,,,,,,jmargraf/kqeq,,
245,RuNNer,,mlp,https://www.uni-goettingen.de/de/560580.html,The RuNNer Neural Network Energy Representation is a Fortran-based framework for the construction of Behler-..,2,False,['fortran-lang'],GPL-3.0,,,,,,,,,,,,,,,,,,,,,,,,,,,,3.0,,,,,,,,,,https://theochemgoettingen.gitlab.io/RuNNer/,,,,
246,Point Edge Transformer,,representation-learning,https://zenodo.org/record/7967079,"Smooth, exact rotational symmetrization for deep learning on point clouds.",2,False,,CC-BY-4.0,,,,,,,,,,,,,,,,,,,,,,,,,,,,3.0,,,,,,,,,,,,,,
247,gkx: Green-Kubo Method in JAX,,representation-learning,https://github.com/sirmarcel/gkx,Green-Kubo + JAX + MLPs = Anharmonic Thermal Conductivities Done Fast.,1,False,['transport-phenomena'],MIT,sirmarcel/gkx,https://github.com/sirmarcel/gkx,2023-04-30 12:25:16,2023-04-30 14:14:57.000000,2023-04-30 14:14:46,2.0,,,1.0,,,,2.0,,,,,,,,,,,,,,,3.0,,,,,,,,,,,,,,
248,kdft,,ml-dft,https://gitlab.com/jmargraf/kdf,The Kernel Density Functional (KDF) code allows generating ML based DFT functionals.,1,False,,,,,2020-11-07 21:50:22,2020-11-07 21:50:22.000000,,,,0.0,,,,,2.0,,,0.0,,,,,,,,,,,,3.0,,,,,,,,,,,,jmargraf/kdf,https://gitlab.com/jmargraf/kdf,
249,PiNN Lab,,educational,https://github.com/Teoroo-CMC/PiNN_lab,,1,False,,GPL-3.0,Teoroo-CMC/PiNN_lab,https://github.com/Teoroo-CMC/PiNN_lab,2019-03-17 22:09:30,2023-05-01 15:59:56.000000,2023-05-01 15:59:22,9.0,,1.0,2.0,1.0,,,2.0,,,,,,,,,,,,,,,3.0,,,,,,,,,,,,,,
250,MALA Tutorial,,educational,https://github.com/mala-project/mala_tutorial,A full MALA hands-on tutorial.,1,False,,,mala-project/mala_tutorial,https://github.com/mala-project/mala_tutorial,2023-03-09 14:01:54,2023-03-20 12:13:27.000000,2023-03-20 12:13:17,23.0,,,2.0,,,,1.0,,,,,,,,,,,,,,,3.0,,,,,,,,,,,,,,
251,Descriptor Embedding and Clustering for Atomisitic-environment Framework (DECAF),,unsupervised,https://gitlab.mpcdf.mpg.de/klai/decaf,Provides a workflow to obtain clustering of local environments in dataset of structures.,0,False,,,,,,,,41.0,,,,,,,2.0,,,,2.0,,,,,,,,,,,,,,,,,,,,,,,,,
252,SphericalNet,,representation-learning,https://github.com/risilab/SphericalNet,Implementation of Clebsch-Gordan Networks (CGnet: https://arxiv.org/pdf/1806.09231.pdf) by GElib & cnine libraries in..,0,False,,,risilab/SphericalNet,https://github.com/risilab/SphericalNet,2022-05-31 14:39:05,2022-06-07 03:57:10.000000,2022-06-07 03:53:49,1.0,,,2.0,,,,2.0,,,,,,,,,,,,,,,,,,,,,,,,,,,,,
253,KmdPlus,,unsupervised,https://github.com/Minoru938/KmdPlus,"This module contains a class for treating kernel mean descriptor (KMD), and a function for generating descriptors with..",0,False,,,Minoru938/KmdPlus,https://github.com/Minoru938/KmdPlus,2023-03-26 10:06:34,2023-03-26 11:03:39.000000,2023-03-26 11:03:39,4.0,,,1.0,,,,1.0,,,,,,,,,,,,,,,,,,,,,,,,,,,,,
254,MLDensity,,ml-dft,{},Linear Jacobi-Legendre expansion of the charge density for machine learning-accelerated electronic structure..,0,False,,,StefanoSanvitoGroup/MLdensity,,,,,,,,,,,,,,,,,,,,,,,,,,,,,,,,,,,,,,,,,
